frame,id,x,y,z
0,0,8.242540938518786,1.1383905042172249,7.049407875663007
0,1,8.370897877500477,4.632403645842077,5.564218249668635
0,2,0.158871403616484,3.8438709338386645,3.195861547895852
0,3,7.909806190282783,8.762219441721488,1.8321795188037926
0,4,3.9252234801041053,5.199745900798955,1.989853817797358
1,0,8.069073490623316,1.197986731297433,6.986708088877762
1,1,8.304673074938659,4.663359092691467,5.301152569951477
1,2,0.1801867131883804,3.811015081191295,3.140117359984891
1,3,8.041372475749423,9.050543081005117,1.8493371206530813
1,4,3.9181725277779487,5.288563048213455,2.3415243227633082
2,0,7.858593865484163,1.2127827091429386,6.962297108277483
2,1,8.23767893151815,4.6566436330095025,5.065547496263884
2,2,0.18099126751062491,3.7521410907829233,3.0307516802492884
2,3,8.156562733060417,9.340681278465313,1.885700214417705
2,4,3.871425975663028,5.405584825213316,2.7234182515715704
3,0,7.619603272258404,1.235481756728667,6.902008148308051
3,1,8.114546946234022,4.649507775925238,4.867792368517628
3,2,0.1782404239848466,3.623305906562945,2.8779450226487113
3,3,8.307123291554694,9.601371350824357,2.0024791449467347
3,4,3.7808075749607055,5.4818179771450755,3.065907219415798
4,0,7.380750169923228,1.244977524401037,6.866242614640832
4,1,8.043373766739665,4.574213479978595,4.623875274971333
4,2,0.16439449343696563,3.5299825452746987,2.6793605269010414
4,3,8.504045670222725,9.87074155648327,2.0690562652558975
4,4,3.7231571796068015,5.536336031471214,3.346340944584811
5,0,7.196155222670021,1.2264963380573897,6.791790538233087
5,1,8.00913243522882,4.464762278892012,4.345244939406518
5,2,0.13962873160927597,3.421369810923412,2.4844554645689687
5,3,8.701332174771538,10.144973059623359,2.2006339608822665
5,4,3.6500134945150227,5.619769275935153,3.586872367685508
6,0,7.039568343571916,1.1885327431566903,6.678363536425159
6,1,7.942422535968344,4.380821360540461,4.0676072527343665
6,2,0.07614793624645451,3.3346082153795584,2.2575174089265704
6,3,8.921572143210454,10.42539069927658,2.3567421284201195
6,4,3.5722266646488703,5.7262476561840066,3.830671435253681
7,0,6.980094856985259,1.1967412901865406,6.541854134586598
7,1,7.831026139537534,4.233285449360856,3.7804786127903705
7,2,0.0860073672617868,3.299362959814525,2.065563773169698
7,3,9.060419701000706,10.693947989589226,2.5596896229120305
7,4,3.4323326161040453,5.898446906989376,4.0910270260811314
8,0,6.900267551922747,1.1224180216193362,6.3496585833238735
8,1,7.686024951863231,4.057827270017305,3.479533430794089
8,2,0.08692051693010046,3.2915757123479326,1.87697417174603
8,3,9.224386085455912,10.978441598242101,2.7329291596972642
8,4,3.247158170770461,6.045519896746356,4.437837873426552
9,0,6.8050140573263445,1.0213435112344962,6.2147949716216395
9,1,7.5482215772337575,3.879498394902663,3.1235933911995772
9,2,0.0523361662962318,3.288218162661096,1.5780228102733442
9,3,9.392008197872098,11.255023272784806,2.9554482574953216
9,4,3.127414793852363,6.197885019308492,4.730644605405899
10,0,6.722980944839929,0.8653059477625844,6.1077159032119175
10,1,7.41349467203721,3.7023490317365177,2.8147966680911596
10,2,-0.01995720304396039,3.286764506557685,1.2597396372922778
10,3,9.540439156858763,11.455141585784649,3.2504702523975775
10,4,3.020516958785397,6.369914232454462,4.9951423249113525
11,0,6.640201719127298,0.6636848672619389,5.981877465538093
11,1,7.341478220684283,3.548882585907775,2.565865138442426
11,2,-0.1365340917769003,3.3497381918618356,0.9773891651677551
11,3,9.653514837817346,11.547197009221891,3.4653596953994037
11,4,2.9186661507473355,6.565098542407441,5.290198570904631
12,0,6.584881427676318,0.42507988898229393,5.844845233084332
12,1,7.2847855132171215,3.358491247488752,2.3532273119289333
12,2,-0.21913399161711766,3.427031892555573,0.5940733326610272
12,3,9.69097214268524,11.613907105858774,3.736857783286828
12,4,2.795493946589947,6.7263495408378535,5.604013771727071
13,0,6.601293737299529,0.25056197427862736,5.669608729352422
13,1,7.293477342132149,3.0983768946964223,2.1433633433310137
13,2,-0.32220103103181374,3.530733712028307,0.2632448955281245
13,3,9.76891418027709,11.654630391970395,4.027172961512359
13,4,2.6284970717659966,6.95346340196806,5.886627397225364
14,0,6.628720515431473,0.07411056239521802,5.443188121259016
14,1,7.282750660381933,2.7767726720748382,1.8822490381059727
14,2,-0.397586468719084,3.6099044315962554,-0.04182747825906652
14,3,9.8306726543365,11.719723670242255,4.272841205166505
14,4,2.468045068413632,7.093515630021988,6.1126791736641195
15,0,6.6630552049719185,-0.08055835528509117,5.162735929824091
15,1,7.248302712843898,2.430652427747014,1.6707323331262942
15,2,-0.48202154105023226,3.656273116276313,-0.3474182910925172
15,3,9.845920226600354,11.887716785758071,4.497554567385474
15,4,2.386089921360157,7.218057299602406,6.322031022498426
16,0,6.637171767911698,-0.16863395586046515,4.873523981226761
16,1,7.177463080441068,2.097837376260932,1.4504796002060578
16,2,-0.599942655996877,3.673633964442787,-0.681761020792935
16,3,9.831904499455568,12.012934064253113,4.729318042712252
16,4,2.3212427495789285,7.324676884133887,6.6127711972511065
17,0,6.526125739304921,-0.263226296590371,4.631288596419124
17,1,7.141008875209741,1.7791595834386067,1.2236107752270173
17,2,-0.7321534587146286,3.6635521346907742,-1.0015771956537427
17,3,9.896780248758784,12.164888526877018,4.943132642391552
17,4,2.2731671566401177,7.391758760243461,6.91375373853063
18,0,6.362973816011499,-0.2695594220863486,4.384879825379742
18,1,7.106427548929549,1.5108852909273092,0.9809161491768456
18,2,-0.9368279098354438,3.5981990042449152,-1.352065347002669
18,3,9.957482627287671,12.253535139521015,5.162711846112473
18,4,2.196749743502331,7.562200433949273,7.257411628877026
19,0,6.197577654530278,-0.298243283951379,4.17760118742106
19,1,7.0956932901779215,1.2378121357024297,0.7208141860334196
19,2,-1.1895826634031477,3.5355559128837064,-1.719546259509603
19,3,10.06786914322495,12.288320329459992,5.411740892716826
19,4,2.1435974933996413,7.699717717866995,7.658261897048875
20,0,6.048838654229186,-0.32674960058412794,3.9692154917071214
20,1,7.079757641855468,0.9486176790692622,0.3947882003304345
20,2,-1.4145972676843623,3.4380772633047036,-2.101433519135965
20,3,10.132182556086988,12.397732687643076,5.677575035420984
20,4,2.1373933034825394,7.818402085921282,8.029881762874046
21,0,5.866245062460143,-0.3205473094937334,3.740538468936108
21,1,7.018697126040664,0.6522225665766075,0.057662712595756505
21,2,-1.6147835107559383,3.3846115489113804,-2.4785226864547236
21,3,10.19093427687869,12.491843384978978,5.936539422943601
21,4,2.189236006786765,7.946753561266769,8.403040924077544
22,0,5.775353000773324,-0.29832386265207017,3.5076607555553347
22,1,6.925015443354961,0.36023685609347933,-0.1941228032841928
22,2,-1.7367087447330896,3.3455297937380144,-2.8488944615326477
22,3,10.271222704730945,12.613840149070361,6.195365662843728
22,4,2.213794591491191,8.014401880402117,8.733301523342773
23,0,5.706904639348267,-0.27771344197491216,3.3490048545837787
23,1,6.899920879311214,0.1505485351844698,-0.4161799954882262
23,2,-1.712607567169666,3.331161257232369,-3.233126293919228
23,3,10.315193213746785,12.682164802011137,6.448274795714285
23,4,2.255906718179204,8.075918616021701,9.064387884915723
24,0,5.5163764575491445,-0.19227956508881516,3.1435185162180432
24,1,6.835794273734911,0.05776425311354712,-0.6530412030079498
24,2,-1.7186282772669557,3.2530462025900406,-3.6005596812080545
24,3,10.324955295695114,12.745626166871002,6.666315050307947
24,4,2.327048733009562,8.174058772357544,9.361922364588253
25,0,5.372299568683487,-0.14277292244640827,2.9532260182222876
25,1,6.8512694425552265,0.018394516208149053,-0.8825543088961891
25,2,-1.6219682436721619,3.2138310047134513,-3.9361296289203764
25,3,10.374126541362125,12.777439150717214,6.917550535407938
25,4,2.3481586618313273,8.277878111492402,9.613557057645298
26,0,5.292895064698135,-0.0932687288624249,2.8014710280254578
26,1,6.926573063486799,0.03823068788588453,-1.0875162034389871
26,2,-1.5360896115435847,3.172443289390324,-4.214028600023705
26,3,10.417910318751185,12.811900537280698,7.233031732813668
26,4,2.30721001282824,8.334013050964227,9.894940126106091
27,0,5.134133246630647,-0.0338378407344779,2.6899269715086263
27,1,7.027333270745754,0.03156090460984208,-1.1526833275038462
27,2,-1.4225060266167011,3.1620466492852235,-4.382964822226429
27,3,10.407518921630755,12.878915483048383,7.576809200709678
27,4,2.153264377600771,8.313339790207348,10.221819671793956
28,0,4.9260735251217795,0.04694165142528689,2.6501772161253743
28,1,7.120008301415603,0.04594490836433507,-1.1475267298602432
28,2,-1.2564081180864026,3.1274120127976968,-4.510193523631126
28,3,10.380709701231702,12.946220085997194,7.973706299611311
28,4,2.0241308935690467,8.277909409045167,10.504014392965873
29,0,4.741072776921247,0.08020679341234929,2.6203695430995806
29,1,7.18048027939094,0.12041757244042575,-1.1721219947309238
29,2,-1.1199868080382198,3.0807786845577145,-4.565040628371395
29,3,10.324882981330578,12.944877283926195,8.32842133619046
29,4,1.8619276990311429,8.244317915140215,10.794474569499648
30,0,4.62537411766684,0.1721268317626096,2.5872427546089503
30,1,7.236698455310303,0.2939788463597591,-1.2316256458113504
30,2,-0.9176724025567189,3.089516808098522,-4.541116612598209
30,3,10.216947038423669,12.969394747929357,8.719266074805207
30,4,1.6443978756499071,8.229403936446696,11.038759883244332
31,0,4.493512127050268,0.2629402554932502,2.56725861380628
31,1,7.322391134304002,0.410992396906051,-1.323822441234584
31,2,-0.6439223777796663,3.0763041009744128,-4.495017820990791
31,3,10.114913553964477,13.050673816089253,9.012971836803649
31,4,1.3420953130086895,8.155964690877642,11.392015091014432
32,0,4.395364734148578,0.3491221511679659,2.5640120656008114
32,1,7.392749508642117,0.5329501286709524,-1.4150978055726637
32,2,-0.33107879322642775,3.0795549968053226,-4.3326500212378045
32,3,9.985855848015351,13.172196323827698,9.256523981295658
32,4,1.0281249220542312,8.066374760575236,11.699282199884264
33,0,4.245749259489384,0.4823572617946539,2.5822920538287066
33,1,7.541612550798307,0.6657843500522512,-1.4973523290749393
33,2,-0.05160721223207276,3.122459088504214,-4.204946131841967
33,3,9.91802591545872,13.337448922617462,9.458317338101182
33,4,0.7581168553650142,7.996355670664568,12.039288457145087
34,0,4.084533378666034,0.5916415071852087,2.6342778359022385
34,1,7.662064045579387,0.8333622477956854,-1.5898647539101418
34,2,0.27070611586447285,3.218133103020878,-4.043132115926133
34,3,9.834199727112807,13.454579206225828,9.601818559423508
34,4,0.48717586118859385,7.953951071479665,12.348459388085741
35,0,3.883571363864124,0.676915350532447,2.683043517685707
35,1,7.753333051563783,1.0285192996471535,-1.6882573311333586
35,2,0.5145170161297319,3.3490891638523372,-3.8331889606435494
35,3,9.773938598547051,13.523140565682573,9.744038622582131
35,4,0.16093735724704045,7.990078286632754,12.677992951503514
36,0,3.6962873449977356,0.7797448778499906,2.828736262325003
36,1,7.904275000809626,1.1631902544837667,-1.8366155608403234
36,2,0.7346736802492971,3.508203650690959,-3.612693688554849
36,3,9.801659711887137,13.553215060038301,9.961934024410555
36,4,-0.14481530249306207,8.03245789153083,12.974181304021808
37,0,3.577716650333021,0.7725530346424059,3.004854199465449
37,1,8.002720070440448,1.3434118111535902,-1.9317765877931221
37,2,0.8636027984310841,3.7049493542273417,-3.3916195072585884
37,3,9.791388455176927,13.498373645991467,10.19434078122895
37,4,-0.3791070339432595,7.995361747035672,13.255450568293345
38,0,3.4486154481126174,0.7058774357682579,3.1392639475110595
38,1,8.061267910930512,1.5108544980543608,-1.9899891543641124
38,2,0.9614243867767805,3.8664440366810613,-3.149589016743364
38,3,9.822791454349948,13.449589106157653,10.400842279396835
38,4,-0.6186122688408917,7.949871062553418,13.545438805218208
39,0,3.312173313409307,0.6171177064297811,3.2682776090400156
39,1,8.170964439382184,1.6007711334920485,-1.976975933505231
39,2,1.0166871335269292,3.956859902211235,-2.933016102260845
39,3,9.9713526417884,13.381516177412356,10.606815671734887
39,4,-0.9104080795414353,7.930548397736785,13.820700913334585
40,0,3.164619314781889,0.49484567323284123,3.4303571560193005
40,1,8.296123312470804,1.6919764931078543,-1.9268565000064755
40,2,1.117853949560321,4.006876307921329,-2.629903214311589
40,3,10.103527496264066,13.2969779594201,10.86352016380666
40,4,-1.1339459499890598,8.012305535168586,14.135767044782604
41,0,3.0311765049496224,0.3927747750917637,3.634091961881327
41,1,8.440587691865979,1.725567101464616,-1.8282863165252403
41,2,1.2222339626945768,4.044016423261439,-2.304969322910676
41,3,10.21182271733694,13.079948218042047,11.171369126189843
41,4,-1.3635032172013708,8.105729609760182,14.449516762696241
42,0,2.878893470737129,0.23315022278995687,3.8321511085379214
42,1,8.660785447942516,1.7114600689634214,-1.645820973977358
42,2,1.3167707188837707,4.112442573813269,-1.9989531671476173
42,3,10.30287380822253,12.818679849045932,11.410633960003569
42,4,-1.5600742616353238,8.23377111339908,14.7067945092427
43,0,2.7095092965041845,0.03355943954895882,4.0428503282327455
43,1,8.876278097931538,1.6882564031049625,-1.4763300595985351
43,2,1.4368655581062626,4.1686244994990425,-1.721322808023191
43,3,10.36434896330129,12.50285738629393,11.648877684211797
43,4,-1.7838551275332888,8.3569200550916,15.008696766341421
44,0,2.610607479815249,-0.1310229779180304,4.251187845156661
44,1,9.078921898673217,1.617260246534583,-1.2459967995439065
44,2,1.638615099137137,4.188423763724184,-1.4564134279257095
44,3,10.506970151831277,12.24658354365017,11.853159279084903
44,4,-1.9629669072476337,8.388802751995808,15.275275964365273
45,0,2.556016184596879,-0.290604680798642,4.38296238725529
45,1,9.277086417401366,1.5833910111982077,-1.0663588939400168
45,2,1.7417344578422922,4.190103543760924,-1.1702896037952826
45,3,10.629603713146048,11.970832987815927,12.060587265859672
45,4,-2.1502811106372617,8.466637313623943,15.521067369995388
46,0,2.4661771165097304,-0.47349400265669067,4.536041929653468
46,1,9.45598940294282,1.595317231128428,-0.8270906133456716
46,2,1.829865479761915,4.198886863100782,-0.8368023539534379
46,3,10.718722951985749,11.70142050555354,12.163992664978194
46,4,-2.299594837388969,8.58497494622388,15.819817697972677
47,0,2.3902790155909934,-0.6649864273555743,4.695049544616883
47,1,9.589074429370376,1.5643339312521012,-0.5339172564443917
47,2,1.8751632577824218,4.229689134500174,-0.524472881784241
47,3,10.85065235416397,11.45804069848587,12.25503028250938
47,4,-2.475431007649492,8.658451100871108,16.081335452304373
48,0,2.3584676667640667,-0.8411400853080356,4.91608339113975
48,1,9.708179501367617,1.5396302235825277,-0.2192883060516183
48,2,1.9092635069282997,4.337093718266169,-0.20617526108482587
48,3,10.955055727789103,11.220460383144129,12.318479673675137
48,4,-2.623848245159386,8.710315378886415,16.389228271145893
49,0,2.3154526913760103,-0.9806540971324751,5.17930246206769
49,1,9.857373069579799,1.462690770206171,0.005808051017640564
49,2,1.974529685772913,4.488889308705123,0.13111638722850033
49,3,11.104692217143018,10.838714062233358,12.331157532873283
49,4,-2.7912098596009915,8.800715905654673,16.634978350220063
50,0,2.2485313984471205,-1.0565488254460051,5.486134428517508
50,1,9.966987239504844,1.327321805277374,0.17391955333013243
50,2,2.001382194539249,4.65980312039157,0.4684650517502216
50,3,11.31416874474487,10.48813520941541,12.356108796066911
50,4,-2.9751573462439334,8.941190401255355,16.785534874162767
51,0,2.235529266914704,-1.0351788598999732,5.767615751823486
51,1,10.145831640142253,1.2809446374343099,0.28057856879034965
51,2,2.0695654294837493,4.752877587174942,0.8463900449084462
51,3,11.460365386833264,10.121171879353309,12.388988454150102
51,4,-3.2197265277887603,9.035938709213696,16.92354235187196
52,0,2.1939539443728955,-1.0033265584545932,6.048133871174203
52,1,10.366387002224062,1.2620713347657595,0.3369558847745734
52,2,2.068442538609597,4.830038836080516,1.23767400529864
52,3,11.6328545664959,9.70966829859874,12.385470869403225
52,4,-3.4537312271355267,9.170540917967552,17.061015140088802
53,0,2.118700765752867,-0.9730175564146484,6.310956053684707
53,1,10.64642085609321,1.251240702004092,0.38085995136872236
53,2,2.015879758180625,4.883725564276585,1.7186229396791561
53,3,11.777077095087952,9.30495468973922,12.335995148374938
53,4,-3.624584570674136,9.240443440946757,17.082541718573935
54,0,2.022489015182062,-0.9692305470045595,6.522513390782063
54,1,10.872178281516643,1.177784947116983,0.45127559424278474
54,2,1.933424663103954,4.97969107838092,2.200208214601824
54,3,11.913192106075506,8.967937377722425,12.206810607518657
54,4,-3.8104429735809107,9.319476449774042,17.097957500196603
55,0,1.8800831105017957,-0.9481607294368859,6.708785769131631
55,1,11.045477833848118,1.095627445732264,0.5084979142357654
55,2,1.87302725514702,5.1596028231053115,2.6725374961366826
55,3,12.108184905524025,8.628063774779353,12.034279935488303
55,4,-3.989610633857512,9.337438796615922,17.08083468862662
56,0,1.7240042229315458,-0.8723932814338159,6.835315816347697
56,1,11.181138989995201,1.0827961058414213,0.48719618016998556
56,2,1.8104114337748682,5.307229701219967,3.166123798929183
56,3,12.279055441602173,8.360207888163627,11.88667777160634
56,4,-4.234625224523829,9.315014980749368,17.018143797002548
57,0,1.5814293448649461,-0.807814109165292,6.989164441322553
57,1,11.296797549121036,0.9901647414169837,0.42891290230473345
57,2,1.7305340910687084,5.432033308434158,3.6590809243215063
57,3,12.390295829890626,8.027103036795198,11.75354109527842
57,4,-4.490398321273896,9.276227418124037,16.91166016917724
58,0,1.4371554811227936,-0.7876780816934761,7.180005468555617
58,1,11.315810895740366,0.8875585397207696,0.31581150556419446
58,2,1.6800036298729177,5.544549780574335,4.174899847084741
58,3,12.442335201834334,7.684503280811936,11.6576794547629
58,4,-4.773873646881619,9.256238177617206,16.706262110028398
59,0,1.2577874276037564,-0.6728132573429912,7.519526580965894
59,1,11.322040892465498,0.8042242137833449,0.19284355653789273
59,2,1.6519240640270083,5.649811052453238,4.530858004224647
59,3,12.413383221454374,7.31396393350012,11.579880660574705
59,4,-5.032461861330477,9.18542859086656,16.44728223192674
60,0,1.0645040921072306,-0.5405996459053045,7.868881674094789
60,1,11.324332345813989,0.6337633381550616,0.10081086534978913
60,2,1.7311770882029387,5.623470023323898,4.862546796684965
60,3,12.410993345337362,6.91842147438012,11.526885034469728
60,4,-5.243821914046654,9.091220382818259,16.162392561218905
61,0,0.8804476839741404,-0.5237067082224942,8.22078550910703
61,1,11.254187824261075,0.42446454726159794,0.021545811491262667
61,2,1.8241642610883506,5.609161049076669,5.1647790090523396
61,3,12.399852167439365,6.591791800988049,11.466614201350179
61,4,-5.40200478157148,9.071291366571863,15.778341435615788
62,0,0.6586217107201848,-0.4582875802196933,8.588275213266167
62,1,11.076632626760526,0.23640121077035633,-0.11932076056581706
62,2,1.9748617554808943,5.690802305544156,5.477309877875351
62,3,12.397568653307024,6.211593439742,11.412366686205425
62,4,-5.609854009746027,9.09025555735513,15.337386490880972
63,0,0.5212486863723251,-0.3909839701410477,8.964450443347456
63,1,10.937657805047206,0.06603262869440782,-0.3048203632650586
63,2,2.042382181197323,5.739864894578045,5.816713062545797
63,3,12.386230459649955,5.794643708022775,11.327114075274348
63,4,-5.876241107584452,9.087580979000906,14.891822754617154
64,0,0.34631561924761095,-0.33353248876711644,9.356879411411283
64,1,10.785236540899785,-0.12724843489112828,-0.4242509821574575
64,2,2.155054534454025,5.73309584916114,6.175116163998146
64,3,12.373241442344606,5.376708614875166,11.199584700423797
64,4,-6.11497277487307,9.181699774499702,14.45710234303689
65,0,0.23884796120300575,-0.2387868011394591,9.766544827032154
65,1,10.715331240566629,-0.2898364458022852,-0.5076724932317387
65,2,2.241564501664799,5.681118929323911,6.5320364081684055
65,3,12.302507257107498,4.956073795453563,10.992373975164343
65,4,-6.362839999932072,9.263889384876904,14.021684587905062
66,0,0.16645504592700525,-0.10845254146512229,10.207567124354412
66,1,10.679371625267684,-0.4716458182858053,-0.5751621467665926
66,2,2.372123596352051,5.639195985370393,6.97485007799794
66,3,12.307010009134048,4.514470995681796,10.760969762930216
66,4,-6.61663289272847,9.290342146875483,13.529283206187728
67,0,0.13235068643600376,0.05680983395777103,10.572718738715272
67,1,10.672298569358945,-0.661031416536397,-0.6200631919858388
67,2,2.532542853042762,5.557035567118161,7.3999156800790775
67,3,12.344930966093425,4.057966554792942,10.497081979593254
67,4,-6.888180543898844,9.430191803199612,13.022243456710942
68,0,0.06916042688912982,0.2555783960589868,10.938101581671624
68,1,10.741262092705654,-0.8495181904927078,-0.6138735851389174
68,2,2.755200253493931,5.498709096789297,7.8189857637911295
68,3,12.342824129192284,3.6520882691989898,10.182140616947494
68,4,-7.1019044417322394,9.54182470928863,12.484175178809515
69,0,-0.013611767702402619,0.41259345948296433,11.201305467978555
69,1,10.818034577048778,-1.0857714381229946,-0.6368809785401989
69,2,2.965912574499182,5.505063694052023,8.17269636285342
69,3,12.348037897902243,3.1925206586673336,9.930039179625139
69,4,-7.304824138064227,9.616361675530658,11.893859001011496
70,0,-0.07692753354684179,0.44597788720968967,11.433473358438505
70,1,10.847730284318324,-1.3300880716749763,-0.5853706910268872
70,2,3.201536897097906,5.5740653522997805,8.51651374206511
70,3,12.327727938816718,2.800345230594057,9.698620968709944
70,4,-7.377883187090167,9.680735163851136,11.281206468248431
71,0,-0.11893099036279814,0.4101693516993283,11.621718045830367
71,1,10.900586247443773,-1.5664003578469605,-0.5527378712445815
71,2,3.4047193545975944,5.678267875549452,8.851862706795831
71,3,12.260003737874278,2.4222344480443665,9.446350538741298
71,4,-7.446208989638018,9.727955973122741,10.650666263641627
72,0,-0.07077888873699645,0.37966073023956914,11.791033890845272
72,1,10.881889292945752,-1.7855312665629768,-0.5216776391036231
72,2,3.6712504655775753,5.702243982552281,9.208373616503899
72,3,12.197325374233687,2.0179523381304802,9.22589470112446
72,4,-7.423863691908951,9.717227444697759,10.04658830923215
73,0,0.04254499999493891,0.3653744310326549,12.015015136104598
73,1,10.83169886575928,-1.8557281930643061,-0.49011193067642683
73,2,3.952381297283525,5.728172840322662,9.602798629867834
73,3,12.11770430968069,1.622519045264465,9.019470840729351
73,4,-7.324756103211762,9.624197445144828,9.45677580207747
74,0,0.12357846851212709,0.29174507105444825,12.203245089716003
74,1,10.824489911786703,-1.8512646309431198,-0.4471219014937932
74,2,4.2394003597522785,5.809452101047689,9.958852576616692
74,3,12.099015956733131,1.2281880889051986,8.928445864099155
74,4,-7.196570969562937,9.433028433747285,8.855467844818081
75,0,0.18443993990462196,0.21565173351314154,12.385780318355664
75,1,10.848922521044422,-1.8715522575576697,-0.4796649621688093
75,2,4.570548822056535,5.915316848431599,10.212702714191058
75,3,11.98900734795209,0.759005166710804,8.824957487263381
75,4,-7.123619774244542,9.271696365390085,8.241540515887666
76,0,0.20617981505675526,0.13477418571581767,12.595569449705827
76,1,10.828695464601676,-1.8139650591225271,-0.5186047357114538
76,2,4.836587828636223,6.10623731941276,10.453669519894055
76,3,11.834799304286562,0.34309491009975185,8.689709663354007
76,4,-7.01435806104514,9.05700507662541,7.636802732078879
77,0,0.23761831256604998,0.0007885154811715089,12.783558196080026
77,1,10.75688266937279,-1.7079051857673546,-0.5921749817937676
77,2,5.099949674666779,6.3421594651628,10.576016044157745
77,3,11.721942790639696,0.001731049804192808,8.566472166474487
77,4,-6.803974151688754,8.752057739655871,7.073473494932813
78,0,0.24458983298551001,-0.12819425519367034,12.938810152286194
78,1,10.689539732038273,-1.5809585430275925,-0.6511933498660516
78,2,5.274856053893396,6.628791112575003,10.635915134649721
78,3,11.557575452585132,-0.3510290630902666,8.495518842940516
78,4,-6.602732677863719,8.51628125484181,6.529260678645038
79,0,0.21169921419366622,-0.2102515936466186,13.079133709611432
79,1,10.602594486335134,-1.4529690890219704,-0.7106961371398663
79,2,5.475763100124056,6.830555020159872,10.71945632952475
79,3,11.405284809910059,-0.5924949583358466,8.359616468481825
79,4,-6.356243257302714,8.291619948378347,6.001431135088968
80,0,0.1934918704082081,-0.26305240491113285,13.15823187799909
80,1,10.549516330870379,-1.276193252318221,-0.8222112096290604
80,2,5.682270838729958,7.0422128853417325,10.789655972315348
80,3,11.268439170626207,-0.8665080388007066,8.26893755868166
80,4,-6.088316041217697,8.111258614018272,5.5000994994586705
81,0,0.2546851098767581,-0.269189957227784,13.169356048813913
81,1,10.505012214972115,-1.1139292839226433,-0.9954631136370231
81,2,5.861515044421405,7.214539689391308,10.836932316751907
81,3,11.099045377447625,-1.1411386134960464,8.267948746201272
81,4,-5.744040795501415,8.006682008817487,4.9891987826812905
82,0,0.30050623023727113,-0.2869111784806875,13.146716333148955
82,1,10.50793190672966,-0.9939556294946355,-1.1769376703304868
82,2,6.064315817532181,7.405290019296566,10.878181889387282
82,3,11.002627765245443,-1.4260540987240462,8.249815225632334
82,4,-5.34991237652572,7.911507564484942,4.4166777575666085
83,0,0.3768597691852804,-0.35215660986946334,13.050518000623407
83,1,10.511045926321854,-0.7756317762840361,-1.3553225384830723
83,2,6.2303676779166715,7.5424255712482315,10.882445131564332
83,3,10.918520969501916,-1.683009845470494,8.203396484362443
83,4,-4.990238820177398,7.894024021610984,3.8752341097236096
84,0,0.39760602196556727,-0.4215249356877835,12.911190808972837
84,1,10.56337549937576,-0.5230868530729675,-1.5580919842616963
84,2,6.394570089384752,7.646701272667451,10.891689960110417
84,3,10.763127797197088,-1.9175194827688695,8.132683622229663
84,4,-4.675486297908165,7.850160112797931,3.403976795143701
85,0,0.37373442740086904,-0.44900412349060537,12.71960616890573
85,1,10.668064126194905,-0.22367238495145247,-1.710921430032831
85,2,6.5820171035742945,7.682019875906198,10.837651967656845
85,3,10.700786155696926,-2.0899121445422697,8.01816354345043
85,4,-4.240448625856324,7.758523854586557,3.0197079411002408
86,0,0.41920119995250765,-0.45430041642071345,12.445391204735362
86,1,10.732784587372025,0.10699338257118302,-1.8306663220134736
86,2,6.801109808216813,7.670919838304665,10.728319196000905
86,3,10.620336432081775,-2.178929438369697,7.8389598236807005
86,4,-3.729952154753861,7.668424116399752,2.6620384156642287
87,0,0.5449182537335373,-0.5167922641720024,12.130840021531
87,1,10.821848264013234,0.40808912856207435,-1.9699021868505124
87,2,7.085156581590026,7.655705938917793,10.611198542309754
87,3,10.462029384446712,-2.155121078048859,7.6853592352441495
87,4,-3.1618659472176924,7.560074663253729,2.3679021630943584
88,0,0.736973404942198,-0.6045416287286683,11.777208654215425
88,1,10.967393361041914,0.733380281689503,-2.062691818063737
88,2,7.436299164855827,7.627327600042826,10.525737691924224
88,3,10.273087272919508,-2.0824417449549637,7.534402605929241
88,4,-2.554764995531892,7.386003463311723,2.10119888509965
89,0,0.8644629232802165,-0.7151245646233023,11.375393550432308
89,1,11.078553287179885,1.0302475468363563,-2.0809381232409088
89,2,7.8191501337711395,7.641234513190327,10.339522055265624
89,3,10.04260048499763,-2.0055415411979993,7.446095685508405
89,4,-1.95294100751235,7.2100906011736825,1.8776327661936227
90,0,1.090985674524528,-0.8161599738912905,10.973477841437656
90,1,11.19057019411781,1.2565550313454685,-2.111116920839893
90,2,8.177640898273351,7.66427343589701,10.119841589713209
90,3,9.814781311639093,-2.0336098773608864,7.3306994864494275
90,4,-1.3851824591077984,7.075821070264095,1.581772773152368
91,0,1.3326416427133083,-0.8914041551441257,10.678451564394498
91,1,11.289121208413256,1.3730283696580259,-2.1318226766820434
91,2,8.56333932099532,7.72404574585503,9.976569089979069
91,3,9.625297273767096,-2.0977785549112724,7.2109093756953495
91,4,-0.8505099500012347,6.894853209922044,1.300372798165931
92,0,1.5303497462470879,-0.9079292978323302,10.450746735706277
92,1,11.293472779711387,1.434923397632827,-2.1448139160427
92,2,8.957051904444821,7.764617231087907,9.816192456187988
92,3,9.455415994188746,-2.157886900809564,7.055564369354595
92,4,-0.357177846552956,6.686974010715863,1.0807568818042306
93,0,1.6805075657564372,-0.9338858867767896,10.233613052954091
93,1,11.256813244194976,1.5069900415251893,-2.1396775565199557
93,2,9.434871516135065,7.807943474213862,9.60014496557164
93,3,9.205681758433247,-2.2072629464651836,6.8591977956542936
93,4,0.14914336110348764,6.476548693073584,0.9357715221613636
94,0,1.846901206329388,-0.9599430572670065,9.96620682069901
94,1,11.266072399063727,1.5660056466531602,-2.0878224134674412
94,2,9.853200860540552,7.877659545037189,9.412976944596839
94,3,8.943903273514055,-2.2542475444237624,6.7065755383007835
94,4,0.635104557267915,6.272302552621557,0.7682940250492784
95,0,2.048395694743402,-1.0184240149325814,9.714367552691643
95,1,11.348403300713855,1.6003921881703898,-2.024155740148246
95,2,10.24756089563711,7.897064143126816,9.20311542297365
95,3,8.599128929871931,-2.252655329279369,6.574407181019327
95,4,1.1034120255265158,6.080719787342408,0.5810279811906809
96,0,2.235779253509694,-1.0673992410527666,9.485424571557099
96,1,11.46625695036588,1.5244161781970724,-1.9823590994619995
96,2,10.687747973185433,7.999258628218488,9.015621130019477
96,3,8.168112275995558,-2.257157917294835,6.499872892553977
96,4,1.5857171861786177,5.877493538683161,0.3876467391029774
97,0,2.3688902600695885,-1.0774716491783993,9.25760744172181
97,1,11.598914328513409,1.449785442455659,-1.9157767807212955
97,2,11.073669728855954,8.155672945894885,8.853281281043563
97,3,7.849646368195396,-2.2231920742408646,6.40454509881218
97,4,2.0415391921756267,5.660846686143968,0.21142597924222692
98,0,2.5176131334578358,-1.0331983510974443,9.057273286128913
98,1,11.642640955136724,1.2902961050735666,-1.8752162100186391
98,2,11.467245474843219,8.26959720651963,8.631245017222087
98,3,7.550188906344253,-2.236145303543,6.269997323632
98,4,2.454401657379153,5.470994674165832,0.08502841696128988
99,0,2.7531892437326912,-1.0180428925622373,8.833971498038633
99,1,11.710035088697381,1.2581895430120846,-1.8141216119110002
99,2,11.871044876595771,8.387651979095505,8.391298388525012
99,3,7.189154345013804,-2.2496949675908273,6.162944896882969
99,4,2.776703354838517,5.299777948138591,-0.057871208828644743
100,0,2.957174137008627,-1.0194996228007354,8.571752992294691
100,1,11.747245633803235,1.224787194278648,-1.6779857372825915
100,2,12.308682408909492,8.567847501549881,8.14360661184879
100,3,6.840814923471109,-2.300368548118464,6.032860646373971
100,4,3.0366428654021878,5.125634669551117,-0.2440580313946415
101,0,3.218828829883463,-1.05648682267479,8.316483503252242
101,1,11.75839242558855,1.127638370790786,-1.537814938737272
101,2,12.705900117361608,8.714661220772909,7.855158805974996
101,3,6.445805522022708,-2.3833998863789714,5.962775617515563
101,4,3.2805435070733675,4.960046180886886,-0.4101244555879802
102,0,3.510513292360595,-1.0174548889629682,8.016278778187186
102,1,11.698206142885288,1.0320419059500048,-1.4489826767886378
102,2,13.053897223271415,8.881377029686185,7.623786888386478
102,3,6.09353413680231,-2.469141969988038,5.960386273056087
102,4,3.5605881648578435,4.849750453358543,-0.5467616407024697
103,0,3.7555347937380206,-0.9590341887926812,7.663909420577536
103,1,11.60115190847129,0.9315901621271717,-1.3848554126232506
103,2,13.373571862119906,9.102458958773477,7.33269909094666
103,3,5.78022562164277,-2.551438470941053,6.02483705058854
103,4,3.8537987926434867,4.728101942558733,-0.6680238284821481
104,0,3.998773127013431,-0.8847572132880905,7.295596154779965
104,1,11.519748883850578,0.7931707635249889,-1.345812708495422
104,2,13.6585114119476,9.27938639493027,6.987949035142865
104,3,5.527209078821027,-2.54964943969097,6.148751922919444
104,4,4.159985731013267,4.633875729185989,-0.8194945622513264
105,0,4.268782065227866,-0.8261220005643795,6.952796646360001
105,1,11.419164743909082,0.7070378180477882,-1.2318051795181826
105,2,13.91287336582483,9.371034812716944,6.672644678169904
105,3,5.282591522728532,-2.624236605010287,6.29259237865364
105,4,4.465795074319189,4.537369321779327,-0.9211082348924785
106,0,4.517818751489732,-0.7279044224715174,6.574081360345023
106,1,11.331317998217362,0.6396530238176974,-1.150979202399775
106,2,14.123583001017725,9.53787722994538,6.284795308455712
106,3,4.993178888971927,-2.688479495670663,6.3821620935356504
106,4,4.787000567036949,4.410041011821,-0.9115558259077197
107,0,4.813420168665626,-0.6502071258324812,6.24071596017523
107,1,11.25676753468418,0.4935124192372433,-1.047427725352794
107,2,14.365365441620622,9.69592798015607,5.897136983740413
107,3,4.6759116496196125,-2.833263127542808,6.442038206621851
107,4,5.005805445646996,4.234947881975615,-0.8736877550264326
108,0,5.094942827699412,-0.4980449502293228,5.889822009110629
108,1,11.168632169145978,0.3686294388918375,-1.0243458083848576
108,2,14.536770208988235,9.816055138939207,5.522519158355471
108,3,4.393863215856842,-2.914115479555283,6.43704871705782
108,4,5.1483594187373125,3.9692887474616536,-0.7870985283247355
109,0,5.378799607513918,-0.2825217960172411,5.503574362045745
109,1,11.146444793831462,0.24857628076125904,-1.0464639493593217
109,2,14.5638624556654,9.919674320320308,5.096749316342501
109,3,4.132079255564752,-2.983536021320079,6.382103218946525
109,4,5.269180367395733,3.7356202885227807,-0.6707408109776936
110,0,5.688560454770363,-0.0990630044784187,5.144817879912183
110,1,11.062261664343174,0.14298728841095817,-0.9940214393618351
110,2,14.575133802693077,10.06678739576753,4.639247789627656
110,3,3.928048469668779,-3.0856325961160262,6.246420277724636
110,4,5.2955442098499175,3.4248051072745556,-0.5271460236179872
111,0,6.056710400274451,0.08034218672708274,4.833664832929269
111,1,10.888770687108536,0.012489825084359474,-0.9749026833769215
111,2,14.666752748100624,10.231317800260216,4.213922466733174
111,3,3.6987541161498396,-3.2183429920737896,6.1084087792767106
111,4,5.3068738911247415,3.124914831488669,-0.38572298417858053
112,0,6.425855290481383,0.22944031027812764,4.475100893936516
112,1,10.743304812934184,-0.14189497292974612,-0.9465022055644693
112,2,14.735457443983206,10.406879640477731,3.869704243076604
112,3,3.530965946257536,-3.3873101648334427,6.021647149087847
112,4,5.333764764324979,2.8563024038613425,-0.3218006144963575
113,0,6.771638264311987,0.34832746636572237,4.121881521414737
113,1,10.614409367081462,-0.26971624269831684,-0.9435065953776092
113,2,14.817456326553941,10.681926928183152,3.567209961324263
113,3,3.3587464201854935,-3.5405386910040963,5.995981476271543
113,4,5.322081579003152,2.599970734459568,-0.24222807193246187
114,0,7.107765076539603,0.49457601364930537,3.800402488393085
114,1,10.515241872702882,-0.3354426923055455,-1.0314460060197135
114,2,14.86462417567028,10.97528334156579,3.304420009050732
114,3,3.1274131854293135,-3.6418883727023763,5.929833171244529
114,4,5.2532405270227684,2.2563289351339506,-0.22414328137466463
115,0,7.371685260502327,0.5462586888272403,3.429868836352802
115,1,10.453732229483153,-0.3107077793777995,-1.1830856812497816
115,2,14.776921277570596,11.205608992161777,3.066412021549986
115,3,2.8617925763748695,-3.6286692489990786,5.917558724554792
115,4,5.191750267152103,1.9129667797194279,-0.20966564103684204
116,0,7.614081753594175,0.588656421283336,3.0820022294739657
116,1,10.400854112447009,-0.34817200248321223,-1.2852135744228181
116,2,14.66274503347089,11.425395995612114,2.8831262036429637
116,3,2.5616635684635005,-3.5351334301708737,5.874239321220535
116,4,5.12081133350138,1.6012778384516464,-0.24387337006799947
117,0,7.825650494344703,0.5503321397778536,2.7634524624516277
117,1,10.339571888812078,-0.41499762063845763,-1.3785878888877874
117,2,14.476669503891348,11.573805137322912,2.6585499569187068
117,3,2.3141482758306644,-3.497037942741611,5.771568013723836
117,4,5.081145695841222,1.307091603162371,-0.2629851550251474
118,0,8.033693037620907,0.5632722718145209,2.3900290400905755
118,1,10.34380568980901,-0.48802787596383074,-1.4254727426265605
118,2,14.24443854333087,11.66797040960374,2.423321615206123
118,3,2.140728196497971,-3.349502454845688,5.727808381338697
118,4,5.09401578786627,1.0941790253888228,-0.3007941962376201
119,0,8.22508049396516,0.5839795999381496,1.9163592538641954
119,1,10.392250544548244,-0.5886169376528014,-1.3776286805065554
119,2,14.091641579753851,11.695640041871794,2.1763927893739603
119,3,1.9853454902601775,-3.1925347150915946,5.656245741473242
119,4,5.138005214014029,0.9285727234151557,-0.33923079681106666
120,0,8.42922776805137,0.622015011331527,1.5941043749979724
120,1,10.421373546511491,-0.6194501439969969,-1.315043819917269
120,2,13.983090576060755,11.740800617293173,1.9860085944733188
120,3,1.8448997495952342,-2.9991837333409217,5.577101763192123
120,4,5.240512396403993,0.6991102068622154,-0.4289388663392981
121,0,8.670925802827979,0.6648482284559462,1.2060870615388222
121,1,10.50742384806449,-0.5714512878284456,-1.1532758435660406
121,2,13.88229900955119,11.729912613517422,1.8316307527996942
121,3,1.656318066929245,-2.7617521411810895,5.432847172534202
121,4,5.351689602734108,0.5271200757006276,-0.6085643242921099
122,0,8.85965744830756,0.704509791910823,0.8618331421199973
122,1,10.636521405618083,-0.514400789002387,-0.9618228936173895
122,2,13.771727474288168,11.67265469661133,1.6671075295687552
122,3,1.4308654591259238,-2.4629766361273684,5.392633371313355
122,4,5.450463811794249,0.32078598688275684,-0.7476463219285155
123,0,9.023316124988163,0.7376590292726565,0.5531401155389786
123,1,10.739077323282238,-0.446704361751889,-0.8240609249862925
123,2,13.625384872327935,11.616296536504668,1.49247492859257
123,3,1.1415102993723387,-2.1855575987154032,5.250860455395085
123,4,5.560245403259907,0.1327985384551035,-0.8824552774236016
124,0,9.159021174573718,0.7972349452561318,0.29604614818693187
124,1,10.828458863353502,-0.36179507809777706,-0.7088279647339533
124,2,13.574947191505712,11.486806451521712,1.3823553095416385
124,3,0.906922208694544,-1.8227603034975575,5.123272004663846
124,4,5.671965594343769,-0.09969523596895685,-0.9798288546192212
125,0,9.312276713906435,0.8105320027645655,0.10558361016835285
125,1,10.867419872796898,-0.30124125523030976,-0.51869156307887
125,2,13.445464300109451,11.375941461867601,1.2800939020470783
125,3,0.690657256976932,-1.4078354005967573,5.016999286995916
125,4,5.7591687026511345,-0.31594546122179856,-1.1073844006116405
126,0,9.478590370960505,0.8344750131902028,-0.08850019756397506
126,1,10.900389724294778,-0.18193713114770826,-0.3478993396131591
126,2,13.255953350737625,11.259656266299881,1.2270340729401474
126,3,0.5050682292758912,-1.0210895712837798,4.81986601484499
126,4,5.815932445046519,-0.5365921343797018,-1.2562347215091576
127,0,9.581604604781337,0.86261977327194,-0.25391373066605394
127,1,10.993801007171685,-0.0850046911264658,-0.16886426060080734
127,2,13.056655755388316,11.170077055678235,1.1787752284598254
127,3,0.32605695239740784,-0.6259048725328387,4.670757155006178
127,4,5.886922990160393,-0.810140444074978,-1.3903776266008152
128,0,9.610445373663449,0.9745169799623332,-0.43274716913115674
128,1,11.06139537253211,-0.05724330997255293,0.017789972418816496
128,2,12.787003713872158,11.041363760536292,1.1818615896276776
128,3,0.08169935097290806,-0.24998248727173716,4.494347478670789
128,4,5.959109696803673,-1.060354564427166,-1.4807918100329376
129,0,9.650027788356647,1.0352315224001392,-0.5594518174674286
129,1,11.065937424495253,-0.01358587582194995,0.22833743676238266
129,2,12.490388102349323,10.855352141895034,1.1095096667908813
129,3,-0.12769371377668937,0.1568971492931991,4.376132789580043
129,4,5.974032565043574,-1.3432673008036626,-1.6141251405251114
130,0,9.729046848105382,1.092784127731882,-0.7199721123777816
130,1,11.054709848527734,-0.01715497312914094,0.40723304545056904
130,2,12.059016135760128,10.69715219693384,0.998097696577335
130,3,-0.4004014221180364,0.5173954343999374,4.304497943431584
130,4,5.9846607192015515,-1.6088001313924343,-1.8156526733496645
131,0,9.823727129568608,1.1628053814819315,-0.883732664271722
131,1,11.012057718132649,-0.04814993781407482,0.5737879587945371
131,2,11.555180020907583,10.528465747585798,0.8639950697376608
131,3,-0.5817483916481464,0.8291654802682464,4.202188260845875
131,4,5.955621354445388,-1.8086970155439264,-2.0199573646800895
132,0,10.014656187823107,1.24290257057653,-1.0506175767028259
132,1,10.915070652006706,-0.08420999543007249,0.7599519068437217
132,2,11.0157211257474,10.277977487495805,0.7211447044139452
132,3,-0.7949779448176191,1.1523407729150739,4.124633909419818
132,4,6.046499832884985,-2.0639139551164947,-2.2416675946957896
133,0,10.191836608768375,1.3412973502664816,-1.1603913614024535
133,1,10.805959988420131,-0.14051078623202592,1.000406277037951
133,2,10.474961908540031,9.9635134135098,0.5887471526144474
133,3,-0.9779047992545998,1.4063454274740343,4.100116886297343
133,4,6.109900647487753,-2.3509070872373545,-2.5646960952222497
134,0,10.45137835833978,1.4746949742362125,-1.3183560377915384
134,1,10.59089995095955,-0.14059509468806666,1.2092418322458003
134,2,9.923538498764154,9.710470941338194,0.3901221628354433
134,3,-1.2054753087091787,1.6277405852847886,4.140288959072702
134,4,6.153249838250743,-2.596550336046666,-2.87202255105488
135,0,10.775622077501577,1.6822409061958277,-1.5416092700190158
135,1,10.315541238310532,-0.1023357561274735,1.4640550233007263
135,2,9.41035147882289,9.512471379392418,0.25737739711660274
135,3,-1.310562025613909,1.7820246497828427,4.188578277196662
135,4,6.247907826574055,-2.8453758730832286,-3.146540815389232
136,0,11.160236372591715,1.8208496854237182,-1.6945481002098162
136,1,10.114618458743529,-0.09192399715733786,1.6250501768743704
136,2,8.852250209062928,9.248269979528112,0.18349589576770914
136,3,-1.4317679412567654,1.946739151237679,4.144331817546745
136,4,6.344666793893454,-3.0903838386361797,-3.3256412453405733
137,0,11.557121715116837,1.940170215402154,-1.8790988273328235
137,1,9.981427383574434,-0.06024866297242004,1.7188280975867278
137,2,8.287478383705816,9.02816000996099,0.12102146201694589
137,3,-1.5344703471826673,2.094687414882532,4.09882676053787
137,4,6.427839178954035,-3.3503808964534416,-3.5503379340001566
138,0,11.95281710911064,2.02653708096727,-2.0503034472234862
138,1,9.882108528315731,-0.08918783709090597,1.7860143001170758
138,2,7.6739270742734655,8.804476244865434,-0.07658698437615116
138,3,-1.627312004883698,2.2662021932823473,4.045757501546296
138,4,6.582004660557292,-3.5922271842007065,-3.815130230494937
139,0,12.34037849051237,2.1033694618240153,-2.1924832806205767
139,1,9.711302989817947,-0.22332188872286662,1.746007222604951
139,2,7.141593684263545,8.603502149378201,-0.3422867765134521
139,3,-1.698281558947032,2.3089039310933934,3.9549486998538432
139,4,6.617401625963418,-3.829490503490141,-4.1467032564550825
140,0,12.687258299254868,2.197860875730119,-2.313004160873977
140,1,9.46535697282948,-0.3690703981986808,1.7004547160496934
140,2,6.595085952951006,8.397331945565979,-0.5789073608215378
140,3,-1.7642373095872983,2.3080401127858177,3.880925459459856
140,4,6.63838893167304,-4.091871150015782,-4.496281332576668
141,0,12.972272363620322,2.201111490349139,-2.3606538740464007
141,1,9.27244015721664,-0.49317794347012095,1.60449807828579
141,2,6.109783737229776,8.24080275121622,-0.8541552808304198
141,3,-1.7488953773355653,2.2809473436562038,3.825786469807335
141,4,6.644973035997522,-4.273397599135008,-4.780747741543694
142,0,13.175011310219382,2.2483910685215376,-2.4502899711179156
142,1,9.155218750978028,-0.661117692433179,1.4987169324251577
142,2,5.663011371855271,8.20275212863382,-1.1340566057639745
142,3,-1.7071785618510824,2.2414536043277624,3.798433255924993
142,4,6.606981748662495,-4.457914374004574,-4.984798105137339
143,0,13.378839328872894,2.2797316412505584,-2.5655441786608932
143,1,9.067114023986207,-0.7749801485391042,1.3354603574511374
143,2,5.178916381247374,8.207014841661337,-1.3541827301451919
143,3,-1.7005612383572803,2.2202898865866887,3.690174977498521
143,4,6.550990180370372,-4.519854345143775,-5.157336507753801
144,0,13.61238938098307,2.3804456873197095,-2.654453519380922
144,1,8.995177359344478,-0.9123038627567719,1.1393035535287623
144,2,4.682534077798637,8.298348486203315,-1.5140365230645658
144,3,-1.6445447313606596,2.1747662732276436,3.585632528174128
144,4,6.533139996682579,-4.553874749768473,-5.209920641993959
145,0,13.905733467984616,2.471924074767397,-2.70820780320484
145,1,8.850948229285319,-1.0743300814820886,0.910195607865507
145,2,4.266973209550954,8.42464866568629,-1.6677295618301182
145,3,-1.4970935498465736,2.1634971151350255,3.4853080839004944
145,4,6.514164612242545,-4.506781508402126,-5.170582910479802
146,0,14.186264940043902,2.5893016589787057,-2.8257242731843633
146,1,8.682847115203282,-1.145610808335768,0.7056216074856372
146,2,3.8608383909165083,8.49883898549926,-1.7565519006323798
146,3,-1.343905107491951,2.1082664176305284,3.399150611534064
146,4,6.5353789197728185,-4.44074190968316,-5.068322976782654
147,0,14.433792084495897,2.7045439672413667,-2.9561238700260746
147,1,8.496036520056169,-1.171164640425778,0.5515896142418446
147,2,3.4553290728081665,8.509532200337826,-1.8687505329716385
147,3,-1.194496389172531,2.021385116286633,3.2614642066819024
147,4,6.568966425570528,-4.393735086115669,-4.866926982617879
148,0,14.589657115649057,2.8672866720192465,-3.093102484923825
148,1,8.34316046793546,-1.1888851514985554,0.4173978058799731
148,2,3.141882369712932,8.527189909029843,-1.9462937399721938
148,3,-1.0327541543499226,1.8966348296648143,3.1894214317555907
148,4,6.640340733182915,-4.212896250311571,-4.582606624297758
149,0,14.637260367500025,3.048863578618013,-3.2428996837196156
149,1,8.166694586226411,-1.2299369001524714,0.33165060820670134
149,2,2.8565737512230114,8.531442563455695,-2.0860741194807746
149,3,-0.8622211738482074,1.8039961311458514,3.094145031100292
149,4,6.639533828568365,-3.9619544454238484,-4.2902775989759645
150,0,14.687852235086105,3.227409280910354,-3.396513798640034
150,1,8.094385732380559,-1.2356832999988072,0.2904091630821215
150,2,2.5950195072623115,8.577980560362573,-2.2118754938585052
150,3,-0.7375489833456494,1.70728966041796,3.0608972677847124
150,4,6.622260843417925,-3.6642634564178125,-3.9462167620620674
151,0,14.725225841949504,3.432947677923638,-3.5332709962711593
151,1,8.064312419708388,-1.2325716560255982,0.2733829807192959
151,2,2.208379023892549,8.68742072379076,-2.306408891346483
151,3,-0.4950279108605754,1.6759190980970025,3.0153936828483308
151,4,6.640249583521611,-3.3491219456574033,-3.560934710289057
152,0,14.719439445280422,3.674052619852306,-3.5976524743009546
152,1,8.039802058768835,-1.2064217675951174,0.2102691961992857
152,2,1.9203498765355862,8.763440334551774,-2.3965048368914665
152,3,-0.2940870819753669,1.7186725879507032,2.990782355781306
152,4,6.595341390732859,-3.0549559590124473,-3.1840748874434497
153,0,14.692060896268305,3.9208955226057016,-3.667477712930128
153,1,8.009631081259908,-1.2258958215655058,0.20578053575312558
153,2,1.6808160199092916,8.741778376197184,-2.5061221306818395
153,3,-0.12697644346414175,1.8068629765290505,2.9278461481268745
153,4,6.565476214176282,-2.754782002547326,-2.7099058492391057
154,0,14.683937735562042,4.145545818725042,-3.740564364292966
154,1,7.974232546274821,-1.3604915589141207,0.26750660494101475
154,2,1.3944210619929576,8.627864905294013,-2.5548091511738846
154,3,0.07461722197406032,1.9095770391973685,2.8160667883833574
154,4,6.576819743152176,-2.467929919355755,-2.1743387847057245
155,0,14.575578502684738,4.30968152039966,-3.8069640538267078
155,1,7.96572201367333,-1.3789000102419002,0.32314968419476714
155,2,1.1712499730043415,8.479428893618513,-2.736548421179893
155,3,0.29527542877131896,2.020854292736956,2.684835383956375
155,4,6.5466224479416,-2.1526391465072248,-1.615966534698023
156,0,14.485015230508493,4.417369316358708,-3.881398646165821
156,1,7.941413656054767,-1.3194818451909134,0.37403902530846506
156,2,0.9658009896044714,8.314463216470726,-2.863904621945829
156,3,0.5985703154434997,2.0322027103066262,2.5847479117489205
156,4,6.547880231678513,-1.7784775159345663,-1.0773089845384143
157,0,14.37130888475008,4.519197213461862,-3.897123853770781
157,1,7.982241083392814,-1.1816343349165201,0.3820039981151062
157,2,0.713404136078805,8.017288327404708,-2.9530295275486864
157,3,0.8497839863401487,2.0279887253349917,2.5318900393706456
157,4,6.550457969172069,-1.4576786639855515,-0.49124624238747805
158,0,14.145167908319397,4.62589066248679,-3.9633733213175906
158,1,8.025321931197322,-1.0442265937442747,0.3887666363636881
158,2,0.41911690038745386,7.724277334342231,-3.0073618897031897
158,3,1.12148985465343,1.967467678059153,2.5262650628527163
158,4,6.5426109283812215,-1.1968246022024973,0.106198078119774
159,0,13.87618982867019,4.748751005015017,-4.021383908532701
159,1,8.119285848565594,-0.9469489466393457,0.42870480852944265
159,2,0.11442588583270119,7.484612555454538,-3.0014777654474067
159,3,1.4060423681912895,1.9149065055411003,2.4976384827363174
159,4,6.586250481440436,-0.9365313328475708,0.6791762417208534
160,0,13.557852543717983,4.879925624446735,-4.0374776010223075
160,1,8.179427639980455,-0.9128106494652837,0.38073554681089944
160,2,-0.28639657135925034,7.222080238314324,-2.8660459138533203
160,3,1.6998331966448008,1.837276140834633,2.5420135842042
160,4,6.738843931967028,-0.7326752519927144,1.243486893233836
161,0,13.16069697840034,4.979968295294103,-3.9766727349016393
161,1,8.251752563086937,-0.9027365334624079,0.35174027871154423
161,2,-0.7264073547777283,7.017599510745304,-2.6900132950766893
161,3,1.9984131008472066,1.7185349492881674,2.595547122232625
161,4,6.888079592853473,-0.5055076895328396,1.8506516588811432
162,0,12.697248411878903,5.047637945312439,-3.858794100657573
162,1,8.270730195842802,-0.7783620240033926,0.32347346984313213
162,2,-1.1721479130259795,6.889300370472146,-2.4926865246016208
162,3,2.267711629823314,1.6190301435888523,2.646169726165762
162,4,6.986763760364479,-0.33774561639053047,2.417278150655572
163,0,12.205124423155434,5.0938833270282196,-3.6812935899034986
163,1,8.16337721548502,-0.6754031807508467,0.3187601055825721
163,2,-1.6078203449526882,6.752070312284417,-2.336757345614241
163,3,2.5314730214454655,1.4806859739556426,2.6323633950411436
163,4,7.024761996055396,-0.15821590090097692,2.922973482563447
164,0,11.741426483788876,5.096009919510213,-3.5516760136093395
164,1,8.033338650810231,-0.5575454694162405,0.2522005985600807
164,2,-2.034624011669667,6.640104419685861,-2.1756184033573094
164,3,2.785238569387936,1.2934140216815169,2.71168305025634
164,4,7.080387456995122,-0.052970224619744266,3.5173000730734287
165,0,11.243580005050662,5.102476760481412,-3.330021471559072
165,1,7.9303904050169045,-0.4343256197103608,0.17102419571945698
165,2,-2.4138697486570795,6.50736061937992,-2.038664912561459
165,3,3.044566990562756,1.1088945116458127,2.805095976356051
165,4,7.123377359710565,-0.022707760166096207,4.068608615039416
166,0,10.770889442003226,5.111522713716569,-3.1207873004081113
166,1,7.786455842738307,-0.2871722554586583,0.06356020481831327
166,2,-2.7456218363394314,6.370311366070439,-1.9203283784549428
166,3,3.2967461211966675,0.9009752051474039,2.8064889466755605
166,4,7.237114832451971,0.04535691065140609,4.657468789928536
167,0,10.238834914035596,5.157745543767972,-2.8177091284057787
167,1,7.614730080615492,-0.11016784254224063,-0.07908150582721553
167,2,-3.0495422105547654,6.233700478589621,-1.897012953060355
167,3,3.460655327970164,0.689976995644134,2.818432177285246
167,4,7.345488554073551,0.15944999331566934,5.22214012633579
168,0,9.696010866018662,5.124454098454928,-2.528162748839761
168,1,7.4094654565750675,0.06679684280091264,-0.16828776370139056
168,2,-3.237117466783715,6.0668864128354425,-1.8147391035153222
168,3,3.650444598240058,0.45182099341576676,2.8019256124905016
168,4,7.507741755544653,0.283247641860964,5.799814952060655
169,0,9.287868369944926,5.128349764205409,-2.244895671970206
169,1,7.166546501133489,0.2930159427919382,-0.23675933494657106
169,2,-3.37301036874237,5.946283391889477,-1.7392953623822187
169,3,3.9190214946616306,0.20891711648837394,2.7994287237159683
169,4,7.703168337830934,0.43029876574104087,6.356881561197752
170,0,8.945031392251938,5.010243700099133,-1.9103439305321963
170,1,6.981670095638691,0.42863829803679154,-0.27234845799396895
170,2,-3.4307160795951472,5.808562989616267,-1.5493145159434882
170,3,4.092687557738179,-0.08068367526282325,2.830668410199342
170,4,7.859541943569536,0.5660303219825912,6.893144037987906
171,0,8.615082029804466,4.90045114963455,-1.5306302827255176
171,1,6.8045393211445395,0.5474582164996842,-0.32502286725560997
171,2,-3.4897698584711168,5.63604937591752,-1.3805722903261026
171,3,4.276757411088698,-0.41206505427367124,2.8359028129887474
171,4,8.021277886366228,0.7501540301854264,7.494928509752233
172,0,8.308095718659446,4.797679438128111,-1.057231450492859
172,1,6.641872184082616,0.6827166967579016,-0.3869173535737216
172,2,-3.5491347349229265,5.454549487626485,-1.1230633533347334
172,3,4.447710251749442,-0.6447421645499738,2.8312520323576686
172,4,8.193039501043515,0.9760362601849264,8.00714093981206
173,0,7.997985799998305,4.6789206348261825,-0.5588638924928484
173,1,6.472833905129061,0.798194766898144,-0.5343447538566647
173,2,-3.6444578103776726,5.403508403855765,-0.8360259370587477
173,3,4.623789134367153,-0.8375972082813682,2.8661913658516034
173,4,8.440693449370887,1.1226245199352936,8.561388943548408
174,0,7.6996605009821835,4.59136454936525,-0.10869047092311801
174,1,6.304483743951282,0.8833332851997346,-0.6217664983501182
174,2,-3.682278286916058,5.44310962583987,-0.5785123190413373
174,3,4.782958299833051,-1.1387668117088008,2.9175697544054713
174,4,8.718630201515374,1.2514253466479521,9.094358750069606
175,0,7.39266456865714,4.406946176413482,0.3805262334761697
175,1,6.143619197960139,1.0097844442105888,-0.7366248028374289
175,2,-3.6947290407599063,5.514909779503082,-0.272861592453798
175,3,4.927526342546096,-1.4368356422665607,2.920545776021125
175,4,9.059843141454419,1.3969372238867135,9.429470219855395
176,0,7.196797128553586,4.188312071690369,0.8967450449399024
176,1,5.945799669822803,1.0680835546154461,-0.8084964981736693
176,2,-3.7317132299097775,5.6108172585256035,0.06815928766960444
176,3,4.998084199600941,-1.7682211922409923,2.8714119475691855
176,4,9.328183005311917,1.5508607436752222,9.774372760112037
177,0,6.961088828759351,3.998773784532287,1.4408795963465002
177,1,5.771780605031186,1.197531807988372,-0.7268508858624984
177,2,-3.6841620389134584,5.680391719928831,0.38862740447788935
177,3,5.156657143730034,-2.0544891860945107,2.842980104894159
177,4,9.44748856364228,1.6958243950905687,10.064332219013675
178,0,6.80655305457962,3.8733869876399454,1.9799852689343287
178,1,5.604193959869841,1.2893255944708988,-0.6600126881814254
178,2,-3.544414505214017,5.715869910935323,0.6773226399207313
178,3,5.352950160348396,-2.2727565001736147,2.8252169553394983
178,4,9.518290331092926,1.9040637094204667,10.286743451095758
179,0,6.70059752674615,3.741257788360791,2.519703327823931
179,1,5.456768591323242,1.4562432447402696,-0.5764969412881389
179,2,-3.3168156424486295,5.746849513480267,0.8946631037445565
179,3,5.519827203052407,-2.4331781501230374,2.8077787668640766
179,4,9.561887656532464,2.153821993805364,10.58677602766417
180,0,6.546618588940197,3.572670072030046,2.984223780303982
180,1,5.290110479507584,1.545288925745664,-0.4472828419080005
180,2,-3.104539874168048,5.835544059689671,1.043155278770851
180,3,5.716692809206879,-2.508024600019142,2.7661134646072534
180,4,9.655296121565677,2.3422936568324104,10.942701750855703
181,0,6.407197856546865,3.313397729829685,3.4048685171424093
181,1,5.1874199510563175,1.6559330278869278,-0.3356212520887659
181,2,-2.802884544778641,5.922357882324406,1.1775888610113654
181,3,5.957628655666948,-2.510913302104313,2.719971909251637
181,4,9.750604693997639,2.462319102111014,11.33355288494268
182,0,6.2954101272312695,3.0405592462142326,3.898086983704178
182,1,5.093154382635592,1.7254169671787603,-0.28703094255877776
182,2,-2.4717327515415084,6.005632901796202,1.2999177739896477
182,3,6.159177799332434,-2.457744417067974,2.6754678777257417
182,4,9.78146651567706,2.611209118643157,11.671513596708992
183,0,6.14940379526699,2.819348603851927,4.345585366096713
183,1,4.9989381664174255,1.810382102935412,-0.2305612171596078
183,2,-2.1266690483782376,6.060711679239069,1.362157048727722
183,3,6.383706281426379,-2.3791772285711668,2.595846171919043
183,4,9.815617765444014,2.77728359144139,12.028731188016605
184,0,6.000901011851995,2.5700912528130844,4.718774579998049
184,1,4.955869465110745,1.89345139723795,-0.15548242771710757
184,2,-1.644988506948117,6.064622740989323,1.483992476410313
184,3,6.621615553166566,-2.3102742579639077,2.4812584172815315
184,4,9.870203638590846,2.95182262057343,12.384509819545718
185,0,5.8869204071248165,2.272701352135922,5.026561792505626
185,1,4.999416260755629,1.941094811399065,-0.07852374174398971
185,2,-1.2767289583611374,6.020445451753991,1.5948125724386093
185,3,6.804109126360632,-2.2314983260610965,2.4246439432054205
185,4,9.955980963284217,3.1152057206392354,12.73188508605718
186,0,5.7660899164799355,2.027573747479925,5.348347166718435
186,1,5.047788408123807,1.9600812719182668,0.04454677726116461
186,2,-0.9582726633899041,5.9637082444972656,1.6065351682452522
186,3,6.969426686823604,-2.1504624417744185,2.463747690822197
186,4,10.09736736215876,3.3307055437029334,13.058304091580865
187,0,5.592682850206301,1.7319935521688365,5.675259616386228
187,1,5.124425841155039,2.0411005969084908,0.1342118273898426
187,2,-0.624320673888227,5.997218555472924,1.6395614937296386
187,3,7.049493035626413,-2.0243031678100305,2.519431293325495
187,4,10.205296076912102,3.4799293242677436,13.416596009578333
188,0,5.461106631682141,1.4744877612754135,5.969977248215798
188,1,5.180996655881968,2.0838156648572483,0.22555034383123973
188,2,-0.23987162561493436,6.086485224559744,1.700097425988277
188,3,7.14190321701142,-1.8859114406051787,2.566442622729981
188,4,10.26643420420314,3.60325514637376,13.715354781552929
189,0,5.363451746166597,1.3380825620782448,6.229349827276233
189,1,5.225195478598068,2.178744288760817,0.32021251409022977
189,2,0.1583542944720122,6.1668905609033065,1.7295427176874048
189,3,7.247747714995665,-1.709218266846205,2.677008379227554
189,4,10.240101315808488,3.821933319240702,14.053673159389556
190,0,5.198551893371312,1.2229806666650804,6.477823407457565
190,1,5.196600827824266,2.277792402254741,0.4650749790667169
190,2,0.5268037381913329,6.289882749694559,1.7468533520458822
190,3,7.354811379695433,-1.559171787300045,2.7663367266795125
190,4,10.248726588745596,4.096814808663948,14.326507300133946
191,0,4.9422589747877215,1.1076245776685505,6.691411992655976
191,1,5.200880493663229,2.311816788161229,0.7085699300506633
191,2,0.807455334127462,6.4983511606353135,1.7816953998514051
191,3,7.391126996705055,-1.4813715652737274,2.774189828999317
191,4,10.182498407028184,4.3679226945489695,14.562153844733245
192,0,4.73111541197231,0.9978776809514486,6.843422642450222
192,1,5.288961829672466,2.377534402788021,0.9374119377792327
192,2,1.0965041364288861,6.665227066283434,1.8927573759820466
192,3,7.477397724558748,-1.3651341972329862,2.7078541536376046
192,4,10.097387656643392,4.679015531235758,14.766223032896221
193,0,4.507746838339976,0.8776179044560714,6.994257025603533
193,1,5.360565322375918,2.4276557510672716,1.1631042347568492
193,2,1.3596075736828346,6.746719823988663,2.0340278491645742
193,3,7.5588657105462165,-1.2163590266306346,2.65745818125986
193,4,9.997588073688512,4.9717773360765944,14.949773279000333
194,0,4.307428086708905,0.9158618915780502,7.175637409380513
194,1,5.495130730423591,2.443050187913309,1.3995005517867845
194,2,1.6648643041424547,6.926290572565288,2.243160293677798
194,3,7.667097527170646,-1.0886284829183959,2.581499238048578
194,4,9.963180719844418,5.26001027443525,15.055252686741419
195,0,4.10951834412408,0.9801566654907999,7.326560234640058
195,1,5.69035728694695,2.5226203196537336,1.6834544771994118
195,2,1.9640308567524956,7.165481906990804,2.5062452204384162
195,3,7.778819184069836,-0.9673028236312772,2.4878048923848484
195,4,9.89017618779334,5.470253313926009,15.09720615889347
196,0,3.8222733377105778,0.9910369795835812,7.454121129969042
196,1,5.8133649964050536,2.664930501633107,1.9519570386566176
196,2,2.3212544955843635,7.353246912107631,2.7038228869802095
196,3,7.9153679553555625,-0.8635395170689228,2.2752400419718435
196,4,9.858127005158655,5.624570926755275,15.097004044784393
197,0,3.557371750503016,0.9915969027705247,7.683717286499613
197,1,5.853645077946353,2.867153116452885,2.264580310740085
197,2,2.6090798961585873,7.517746953662291,2.9025842912251756
197,3,7.982192135946233,-0.6083784398726004,2.0370972948769466
197,4,9.861740927589038,5.692871014754782,15.028999453410133
198,0,3.2809528451903063,1.0344406330361848,7.930050825099027
198,1,5.873630409984162,3.125237194259848,2.649413843011996
198,2,2.8967320783476986,7.6248334047407305,3.12297340667185
198,3,8.129547712248444,-0.34407751018069027,1.7170790052855365
198,4,9.889013500012796,5.8008723546758345,14.95457584438799
199,0,3.0659927241089315,1.1947705837536933,8.114221094442872
199,1,5.863098271341877,3.389681870277272,3.070608225141073
199,2,3.180188128031658,7.716805112174089,3.4063450094285286
199,3,8.241208195330392,-0.08741493207348422,1.3749653840715852
199,4,9.933686633712842,5.869170267959384,14.841830140784511
200,0,2.836038103743083,1.321142741753967,8.257121923316463
200,1,5.797628376899169,3.592710664417252,3.5261701498084537
200,2,3.4497806502264163,7.81652091731779,3.7349599004871776
200,3,8.44298534588416,0.11017628618329073,0.9162560796374847
200,4,9.987490793415109,5.928921367920997,14.689291715213127
201,0,2.597961378901581,1.3917073988924753,8.385935219208442
201,1,5.714856028902603,3.858623320957985,3.9671442232822254
201,2,3.749723082107869,7.906025924603984,4.049511048137559
201,3,8.632174038194277,0.23884227668911104,0.5198056040514356
201,4,10.12411980307831,5.966421758842963,14.44720574370952
202,0,2.4060901071185214,1.4478262641830977,8.566518767054593
202,1,5.553690174361317,4.1886431280253085,4.374564813760177
202,2,4.069085130758281,8.008198191855339,4.345949934108994
202,3,8.833276843910525,0.3753263876478289,0.12383481974363164
202,4,10.267751572079359,5.991281289718523,14.190809116411575
203,0,2.2095757049094464,1.4712050579855291,8.853193549127749
203,1,5.433570391168121,4.468703248871255,4.734850415162183
203,2,4.4565124155519475,8.16232187002043,4.637904667825177
203,3,9.017583821172897,0.5150366476821252,-0.10254871046794758
203,4,10.410799010858561,6.093128892153502,13.95813853184403
204,0,1.9881855987880754,1.5765839564177113,9.152965402512491
204,1,5.3975318984638445,4.754301859440334,5.011623298550211
204,2,4.82340373880906,8.281036347415911,4.80276999724472
204,3,9.23831132909181,0.6496928389768573,-0.3014832488321889
204,4,10.544181242891785,6.263481607293931,13.818391700330288
205,0,1.7905891545209582,1.657685300993542,9.496268893024707
205,1,5.292387969677431,5.036228273969868,5.230036011844716
205,2,5.09755797150273,8.412097276197548,4.895769618228191
205,3,9.468865406217168,0.7903330060413655,-0.4566474115845651
205,4,10.696628437201161,6.453422837574787,13.751197386451294
206,0,1.5696373736085767,1.740345105303006,9.85050910357565
206,1,5.152934960094305,5.3074564988486514,5.462362216268876
206,2,5.405235618656837,8.490371611996622,4.9260985096819985
206,3,9.676035315804768,1.0032752960162705,-0.6286882997251888
206,4,10.819734891659067,6.655058499281389,13.648437029552563
207,0,1.4381172326514426,1.8467944422023743,10.19232451489839
207,1,5.066715600238757,5.578872482855677,5.684571140536237
207,2,5.731120576248191,8.591232202329453,5.010897959905095
207,3,9.912262066334527,1.2151240366188194,-0.8244848089367142
207,4,10.90190795657678,6.793404067584401,13.441383619550095
208,0,1.3318176100731154,1.9573973109499987,10.514781600383294
208,1,4.959295130028258,5.833775804683604,5.823417256809781
208,2,6.095232982549556,8.776861658097427,5.016191660283939
208,3,10.11877483161462,1.4057412972536216,-1.074909100991614
208,4,10.97003359658881,6.941805778659539,13.223576775672518
209,0,1.2061209996913336,2.1004912498403265,10.825512283488
209,1,4.797721335245019,6.049404134400222,5.997217990725866
209,2,6.504941655263112,8.93059347889839,5.042911158204506
209,3,10.314293387245334,1.6512661836779583,-1.3248090451581906
209,4,11.107950688640216,7.141158387513997,12.986907493615139
210,0,1.048438674914943,2.2858036887548856,11.1405569319422
210,1,4.581690167332284,6.235919802172325,6.174272435533418
210,2,6.966829513762792,9.119913380254463,5.017741407467804
210,3,10.553080547686845,1.9681656453160654,-1.568635262011772
210,4,11.220484080461553,7.269730408667247,12.849507611020595
211,0,0.8446496068445849,2.440801637911277,11.447905264104582
211,1,4.372930800071668,6.39996077769571,6.373179189586803
211,2,7.4140390705089265,9.301523055245486,5.014265285845093
211,3,10.866247166843015,2.2255531147943195,-1.8162911348391992
211,4,11.313353203376366,7.369125632285209,12.702187449485995
212,0,0.6404306517385734,2.5583537418490354,11.721376509352831
212,1,4.1963202242542135,6.538257514616137,6.567704080274528
212,2,7.844856147548567,9.463576048129545,5.056803674016481
212,3,11.15562220178048,2.48400135107159,-2.1193996365853307
212,4,11.376093969510656,7.403089947856897,12.510508364638914
213,0,0.45066616412455085,2.668786451715019,11.924162587687219
213,1,4.053717004386439,6.7348384018645335,6.72583245857107
213,2,8.294252865073023,9.58056514705588,5.058001130106107
213,3,11.474641685771946,2.7960012968203536,-2.457924489876718
213,4,11.372276702015263,7.419343289257671,12.338666018584492
214,0,0.10754533307907527,2.7344823519181567,12.14109360551445
214,1,3.8586991920745923,6.903334080734038,6.895800338027409
214,2,8.752025816613173,9.679427072026758,5.101655244276806
214,3,11.73438118669871,3.092551217656276,-2.769999108907691
214,4,11.387345001150887,7.424584499874149,12.179284537837825
215,0,-0.2668989502870922,2.899318141522643,12.40153717742059
215,1,3.610885022208689,7.029134668307718,7.026493901988211
215,2,9.210305854204126,9.759532552114642,5.112314138026775
215,3,11.934276105190799,3.400163171396224,-2.9720245873513216
215,4,11.404466500146999,7.419846432343833,12.036230315807389
216,0,-0.5779318419468471,3.138367384951893,12.610704020018545
216,1,3.447727102560546,7.089439012283583,7.158549614854393
216,2,9.728826881373582,9.737146683295933,5.204749836277692
216,3,12.125174564874957,3.760561896945309,-3.212194669814819
216,4,11.45118716291919,7.399046381215501,11.792604233530145
217,0,-0.8197605065025484,3.371489759670293,12.78312265704843
217,1,3.2732922290950155,7.172281524347546,7.24330760420106
217,2,10.241733478773728,9.776215579761487,5.311054853837977
217,3,12.264225499396355,4.123628141379962,-3.4594315650144036
217,4,11.51132472619933,7.29238338961268,11.582400993359169
218,0,-1.1054726271050712,3.622834262595989,12.937461023861152
218,1,3.0855003330766704,7.2129690949309175,7.379177142125535
218,2,10.677998260269778,9.839456456877087,5.411341438669725
218,3,12.361059396840684,4.4536343355069405,-3.591522204367887
218,4,11.519224127222126,7.271516573122222,11.27992885463884
219,0,-1.472218900163361,3.9240065938953173,13.04188314556395
219,1,2.856464304329213,7.227946695492471,7.576770608858357
219,2,11.090739982020462,9.9277040309495,5.601276221927576
219,3,12.458653601073852,4.768554141667252,-3.684116118674801
219,4,11.60391700872857,7.279457847198656,10.954266192187774
220,0,-1.8067120285246077,4.254903553527639,13.199923516842665
220,1,2.5686421265430703,7.249669972495714,7.786763290878842
220,2,11.4721502861144,9.951729319022553,5.842854211249081
220,3,12.560052434274972,5.113479928352277,-3.682087032450313
220,4,11.666318302046543,7.276210115806207,10.643617125734549
221,0,-2.049765971522431,4.61250736870448,13.262743754061175
221,1,2.213010684862148,7.243902639114805,8.075523732724644
221,2,11.844252201080236,9.936232065474687,6.147806135987294
221,3,12.613068596920876,5.4420106170165585,-3.763775010034025
221,4,11.777425587941877,7.306773259170016,10.35755435590453
222,0,-2.2954795581382146,4.947346944302564,13.335869171512984
222,1,1.8544609820128732,7.253885912267237,8.424042261550413
222,2,12.188214329193006,9.863389363541993,6.511143766472793
222,3,12.645071720271295,5.676986918109859,-3.8968791175868494
222,4,11.891030481598225,7.233489059031335,10.160066298784752
223,0,-2.4418285178780574,5.301855970526866,13.387252411893918
223,1,1.4089356137935565,7.254306914403414,8.735375193140603
223,2,12.505809461502427,9.791457656606656,6.8919751809367975
223,3,12.5693220467347,5.987048879703325,-3.936235442852586
223,4,11.960517085241364,7.12694547859747,9.966976045323436
224,0,-2.5105415677417824,5.678514952459305,13.456195242067327
224,1,1.052875671308799,7.2836163182733085,9.085374002087118
224,2,12.816361052882467,9.679413927424973,7.18985953275543
224,3,12.48158751141907,6.266557037882578,-3.9109964383808977
224,4,11.983771830200347,7.058029547538501,9.80716259046544
225,0,-2.49862232489886,6.0131837594153,13.553323086925824
225,1,0.7184683400772045,7.370760677940942,9.528746042902942
225,2,13.117140625711665,9.553844010268024,7.447582359010276
225,3,12.38644481294269,6.627964518786934,-3.8439602842826655
225,4,11.919684905668342,7.019278603917498,9.67555575742385
226,0,-2.447034552692752,6.388443215963791,13.616623793011202
226,1,0.4016080188924854,7.465628956627345,9.901256910075734
226,2,13.413774381709036,9.433598947219412,7.6851016281406315
226,3,12.336472507492957,7.088315737566749,-3.836882846939823
226,4,11.887712796402669,6.995536400431377,9.559009712477451
227,0,-2.3238072110063097,6.739435024145134,13.677980561383661
227,1,-0.008845576267834165,7.628876931981133,10.21219076221363
227,2,13.686601064960403,9.354780509898266,7.873875690364215
227,3,12.235455520357004,7.576691091721271,-3.786923366049288
227,4,11.821282023585503,6.905843726742458,9.411705103437953
228,0,-2.186370367322491,7.053457744359324,13.710368959397378
228,1,-0.4386282797679762,7.7898301907643415,10.424284371549598
228,2,13.868089815572338,9.28485928341574,8.08179093289191
228,3,12.084246833247361,8.06869112814009,-3.8031904731547046
228,4,11.71000746992103,6.776169180551763,9.340575995905066
229,0,-2.061028035408391,7.400530761856713,13.706514257156872
229,1,-0.8060601078395226,7.9339304809161035,10.640937504850564
229,2,14.041821651973683,9.220315387532652,8.21691576695723
229,3,11.915051659833551,8.517068453514677,-3.8536475149798632
229,4,11.558715744144394,6.656100298045763,9.29035209544345
230,0,-1.8942108224515553,7.749171461259397,13.641626539502909
230,1,-1.1620522553611914,7.978327662972395,10.83510785435717
230,2,14.114638023210489,9.238014763571481,8.340582922537955
230,3,11.737822826615016,8.919950821114737,-3.892575485149699
230,4,11.408762139829665,6.5553284411384,9.1693331549516
231,0,-1.6331077175482207,8.14878715446548,13.572410746418148
231,1,-1.475318450705918,7.981134321071078,11.066281612304106
231,2,14.15874370097889,9.218479767923462,8.495252156414297
231,3,11.557468659688144,9.303566814131946,-3.879916271667041
231,4,11.233545363768634,6.54700147954792,9.071249101513883
232,0,-1.435593867442615,8.44056599401263,13.50480446415179
232,1,-1.8345654176368313,7.9313211365941605,11.306743936910356
232,2,14.216132392758595,9.137467238636198,8.634457393349258
232,3,11.381291275487136,9.7455667451905,-3.8235579183875616
232,4,11.058514760605592,6.579116441296192,8.968355297506925
233,0,-1.215541767027893,8.644279930228993,13.412305340368603
233,1,-2.193238668828082,7.857985139695969,11.483539897515431
233,2,14.19423970970788,9.161777615451381,8.848840615946326
233,3,11.152830393921212,10.11186343860024,-3.7932574026835115
233,4,10.962448884436013,6.549555661303362,8.937191182058442
234,0,-1.0071950893837507,8.823898660679186,13.307387797942454
234,1,-2.5245391938483923,7.725245583806888,11.581467544916041
234,2,14.095115392563844,9.117349780827393,9.0143236195465
234,3,10.950711835417914,10.457834807876374,-3.761539778799726
234,4,10.892080066317076,6.460872822948057,8.923163277433648
235,0,-0.7884784012445194,8.950070313409583,13.186901390092899
235,1,-2.8526926118024365,7.618408534748156,11.700677123466125
235,2,13.996515798240862,9.168815138808252,9.147084884996282
235,3,10.870226323758798,10.7952256914034,-3.720965974722607
235,4,10.785956932910125,6.334672007324898,8.932789929458156
236,0,-0.6145588951456284,9.002350338224288,12.949984052995456
236,1,-3.0860974375701162,7.536685771381436,11.79400642342206
236,2,13.86050217785209,9.238132726901004,9.25512961020778
236,3,10.815128031036403,11.047825184222534,-3.700273504997336
236,4,10.626600620443575,6.212166415249058,8.915809588184029
237,0,-0.4082240766432482,9.012386489715269,12.684554097264332
237,1,-3.4119519138302183,7.430180136972105,11.86807104882661
237,2,13.763661005189501,9.357573453852007,9.361609088907638
237,3,10.679526396398014,11.263346070299976,-3.6886137911812105
237,4,10.566934875111867,6.111574557032683,8.889622873211437
238,0,-0.23357755056162988,9.035774581434564,12.445729913191443
238,1,-3.7126372769622398,7.326595691366152,11.909382422504578
238,2,13.567436055561082,9.508581775553637,9.474303823434434
238,3,10.48836080597369,11.570447704682786,-3.618075357491374
238,4,10.514684564901952,5.893471468613159,8.809384769501827
239,0,-0.05084362615159993,9.022126194832216,12.235696294547047
239,1,-3.9456331768964317,7.303044188463035,11.922118116660366
239,2,13.345098943875044,9.63345065199284,9.51492039916399
239,3,10.406156007900005,11.796186863163554,-3.5776585707110438
239,4,10.50458465615588,5.660239010985432,8.751814008566798
240,0,0.1484033886085717,8.914909969279313,11.960465984900999
240,1,-4.14369579980466,7.199799438828595,11.9055307443561
240,2,13.108722374822138,9.67555795071763,9.49633424477097
240,3,10.32055418054228,11.990831630134076,-3.5177128372307798
240,4,10.536136681567031,5.372576972970991,8.68392299120461
241,0,0.3250730219774636,8.886230605306064,11.630590855612672
241,1,-4.351674448786182,7.187497309418536,11.839505907298761
241,2,12.90736498090429,9.756778046509417,9.447770959932546
241,3,10.350305091700665,12.155279693925,-3.4469349822104003
241,4,10.512049657892282,5.038349102441392,8.674806552955099
242,0,0.5549255825150534,8.847491859986235,11.225915905904431
242,1,-4.530355486907495,7.162427252035829,11.68795237774853
242,2,12.700607787653022,9.872262090660838,9.477707051818028
242,3,10.265646354628178,12.26947335506925,-3.3702674456486292
242,4,10.463499721321414,4.734013887107735,8.66235691906687
243,0,0.7570814268353617,8.733321055054326,10.815841674662838
243,1,-4.653854600773559,7.084261088829897,11.513876508275446
243,2,12.409489536802852,9.962477961311292,9.526978975303004
243,3,10.220622991398848,12.301915893873947,-3.261198909888804
243,4,10.31758863065171,4.449105282301626,8.594945676316833
244,0,0.935498003123654,8.625313513962837,10.409971124074263
244,1,-4.768334988288024,7.04800439150651,11.304349658791526
244,2,12.136390415759895,10.103747090061132,9.530517642752
244,3,10.114477120414218,12.29249100312505,-3.0901821388799826
244,4,10.201281232173848,4.158905118027744,8.41950571691726
245,0,1.0898741392101408,8.482490828610494,9.954976761635514
245,1,-4.915842619440227,6.998744579258584,11.058476921906065
245,2,11.863724413706276,10.263402203418151,9.528971826759863
245,3,9.999532457616077,12.329099621204415,-2.898985970889694
245,4,10.050344024933741,3.915121322480202,8.270236646047262
246,0,1.1938094035114117,8.382798919109623,9.435123969510652
246,1,-5.066102862024961,6.9927440295396766,10.842161522805505
246,2,11.620167885271357,10.398821763467906,9.520823486769231
246,3,9.876149790330379,12.370311506875586,-2.6571305039304693
246,4,9.83448861372918,3.701738912670774,8.14302679248238
247,0,1.2633977635691196,8.285615237445485,8.9380074503292
247,1,-5.190126989931984,7.000887820326827,10.594819944174613
247,2,11.388323873938178,10.612607720686514,9.443404385883834
247,3,9.656152612872033,12.31835993910651,-2.342786181394076
247,4,9.59426631608842,3.433940347674394,8.043276337219398
248,0,1.3693117499909135,8.211719699773987,8.506126355022857
248,1,-5.305523706713615,6.984955034330603,10.285907374383873
248,2,11.130911725032316,10.854440370172506,9.340902048864454
248,3,9.410296532882581,12.185854908305858,-2.0584302093360405
248,4,9.39121286179861,3.109360816170442,7.920112722403238
249,0,1.5530864512608273,8.192008008969731,8.048057653549662
249,1,-5.49291720164726,7.011772716702045,9.889217113260488
249,2,10.873538648674907,11.113357742697785,9.196114098868662
249,3,9.138428044347103,11.993422124193863,-1.770278722593515
249,4,9.213131976553,2.7572098539532015,7.746993485356579
250,0,1.75568807932978,8.192281547188179,7.498639350075398
250,1,-5.728924548542854,7.073797197517567,9.518791090008634
250,2,10.636849588189216,11.386052137049198,9.023884977014298
250,3,8.870887561217573,11.792172859015295,-1.4317049382432228
250,4,8.990980994446002,2.3411787624712037,7.627374654484092
251,0,1.972090781887615,8.201962801213803,6.996081686276065
251,1,-5.999147033536728,7.1150570489896685,9.163158384062362
251,2,10.355958968322184,11.606971551149286,8.899142456297884
251,3,8.596489718315802,11.51576627354063,-1.1354760286988927
251,4,8.766760164815516,1.9201329752535732,7.457960690647522
252,0,2.147786426651773,8.180590273119725,6.596330269059949
252,1,-6.186440840789007,7.251215421223702,8.820078235078759
252,2,10.067971168916959,11.791374707757738,8.792351586841852
252,3,8.356707426974507,11.275008024864997,-0.8486302744563343
252,4,8.570893923329116,1.4560704632144459,7.3319576355139375
253,0,2.3479896954724873,8.164347648590908,6.186359144968935
253,1,-6.342874121799182,7.33271705875217,8.45964047443786
253,2,9.751313817799026,11.938841358881117,8.667367449186832
253,3,8.155211148302307,11.074543729960952,-0.5745742664884111
253,4,8.380870988578257,1.012507652356628,7.174380177651798
254,0,2.4699502271555835,8.118564930706066,5.770111553463761
254,1,-6.478345314488601,7.402793878569293,8.106871761212169
254,2,9.422644821202994,12.034283428928306,8.551824907986129
254,3,7.933963401727197,10.859269966252958,-0.25504083455972215
254,4,8.186587195392427,0.5813081395623844,7.010549903987252
255,0,2.5849615785206397,8.1214206772898,5.262399484285968
255,1,-6.539370453200878,7.415822403332887,7.792010725974341
255,2,9.156668031720075,12.084652511047903,8.504286614595967
255,3,7.692885824798791,10.667598316812121,0.10729785536041608
255,4,8.043896426285812,0.12764018937401989,6.861586419354926
256,0,2.7317246988784065,8.116347696186569,4.75764011207652
256,1,-6.549122777526159,7.4003548382055415,7.455221267650888
256,2,8.92831322350434,12.060861939781018,8.407498955396756
256,3,7.509053910482298,10.506624263616608,0.4639748083408368
256,4,7.836844753658398,-0.3471898665760849,6.702011821750239
257,0,2.9144709666193296,8.166900773692616,4.190555452128662
257,1,-6.466624667035004,7.348314583860843,7.159874546705095
257,2,8.636490957679223,11.98866222181246,8.287100437620447
257,3,7.295549982515574,10.344186087290353,0.762380423293244
257,4,7.620499003563755,-0.7977164817744214,6.651431372691898
258,0,3.0165915046799827,8.208139935636241,3.6897559411359735
258,1,-6.318721490919237,7.238004185103793,6.864364995496303
258,2,8.356008774999172,11.895332645543824,8.210852178158873
258,3,7.0832750745105715,10.226762198055189,1.0409315313175185
258,4,7.462696789572496,-1.18187413764708,6.581133270194821
259,0,3.1328975678638997,8.263964134612452,3.1770187421342038
259,1,-6.186220784338921,7.084116132766444,6.64019741275961
259,2,8.095537393342497,11.738135673988701,8.118395610146711
259,3,6.922003853272228,10.193702021250804,1.3004887082784595
259,4,7.367705619952451,-1.576572953527079,6.589697231869727
260,0,3.226852992158668,8.337250089386162,2.678647454164526
260,1,-5.995254912592508,6.87414435763101,6.461530285486368
260,2,7.8523187959156955,11.62631156667121,7.969421082692479
260,3,6.8136923253447845,10.2106963982449,1.6146609953433102
260,4,7.320981199300213,-1.9583363697174159,6.584150654763483
261,0,3.385051711592217,8.482525423792083,2.2612270257496183
261,1,-5.817110064676995,6.639793127801034,6.28970897262144
261,2,7.655128001902555,11.53610522474164,7.819775678097031
261,3,6.722836709043541,10.248923926418174,1.9176845586857105
261,4,7.2679653211751996,-2.222323659244095,6.558047254510442
262,0,3.6143360831013966,8.621478104814795,1.7936250417490947
262,1,-5.527964771004971,6.4517778357107405,6.1188539550618035
262,2,7.455931381058705,11.414384435681106,7.605922481266168
262,3,6.562617119670984,10.25460159495236,2.1628499525907117
262,4,7.1474152768186965,-2.5115464112958388,6.4660067805361665
263,0,3.9677514225774293,8.666839385245115,1.3969721215123343
263,1,-5.133010293699832,6.272146815891995,5.898168900655087
263,2,7.240481520521507,11.316390040976817,7.393954704955964
263,3,6.350354911399128,10.251546346029494,2.4074099965956672
263,4,7.044109334292255,-2.7649226580682993,6.371164801577654
264,0,4.319146575522226,8.575295099762394,1.0389700925687486
264,1,-4.6625483827114165,6.118194964058643,5.750138033569965
264,2,6.978278630878711,11.233885189078796,7.114288354555591
264,3,6.108603362651873,10.231597291919678,2.6631943094427504
264,4,7.019393908051356,-2.9466080801425263,6.251955077351692
265,0,4.634033785585856,8.486771098143917,0.7836891761131268
265,1,-4.172692406054341,5.956018415464483,5.626706997836661
265,2,6.734956551654223,11.187959435606608,6.905972582573825
265,3,5.788366456511369,10.219540694100436,2.824377126642288
265,4,7.01329352671441,-3.1127038815812456,6.2010762349339155
266,0,4.887034534022936,8.388798634920999,0.5057081770197894
266,1,-3.607559484136359,5.79076037508847,5.4892934188695195
266,2,6.4014777230703,11.097631010143658,6.733192924466965
266,3,5.576972854521262,10.143731413855786,3.0488811768329165
266,4,7.040110410914312,-3.3407995997075295,6.049232076693668
267,0,5.1454318183989365,8.355057734349254,0.24819457143156237
267,1,-3.078499552384459,5.708693394622142,5.341053440802639
267,2,6.005225712667774,10.958400955190763,6.51335193458393
267,3,5.323759171804038,10.066678623827189,3.2816514201625213
267,4,7.1407531634264325,-3.614836725394853,5.894902362509916
268,0,5.37680659192891,8.362533930492301,-0.004776036208413215
268,1,-2.6008982360770214,5.608090586252883,5.166510940782173
268,2,5.5931053964560125,10.810390881584212,6.217413506919637
268,3,5.088844906325381,9.922599210734282,3.481685061139217
268,4,7.203779915116982,-3.868633341438865,5.737979566648693
269,0,5.607455688570864,8.319090695436394,-0.22945235140585105
269,1,-2.1688623507025757,5.46832224339865,5.020818312403182
269,2,5.193721510785844,10.705410597663553,5.884960107660257
269,3,4.831340605782901,9.780485872344846,3.7179945176796694
269,4,7.2754357878451295,-3.9846007428881567,5.657909416898953
270,0,5.975995300980223,8.236426281785008,-0.4227086954237952
270,1,-1.709456408997176,5.300251894699574,4.953282703302563
270,2,4.797490767433402,10.631117198863986,5.584378790434823
270,3,4.528027449987473,9.583397529880955,3.9446705511285556
270,4,7.3130475830383705,-4.093756891671657,5.602098428322729
271,0,6.475986099576661,8.142606169922248,-0.5918701006149371
271,1,-1.227355925051866,5.183642877985348,4.938977374715532
271,2,4.508267576870211,10.57761369947932,5.229899245064506
271,3,4.214134750054391,9.428962062989404,4.184158958910529
271,4,7.4262166344647715,-4.173785888353528,5.611675354299405
272,0,7.001091929533785,8.044872332711387,-0.8009157068369113
272,1,-0.7633702126739825,5.054745357516744,4.946768614152835
272,2,4.242143261476374,10.499375588648851,4.881530713544535
272,3,3.956826632653644,9.266849625728893,4.46820035125249
272,4,7.502406297929074,-4.146291948721876,5.558495040871995
273,0,7.515199246496926,7.979693439904834,-0.9444332096790352
273,1,-0.2531143684050806,4.893968644319702,4.991993696894564
273,2,3.914555891831547,10.420530896397779,4.586105406489242
273,3,3.683466365676736,9.07677224170268,4.654546034720297
273,4,7.542409651567746,-4.140716414382368,5.464971190886861
274,0,8.050931569224185,7.899815895288262,-1.1244184373923127
274,1,0.2372291131071238,4.7286618455795795,5.0255353142215045
274,2,3.625718065496466,10.352949073240646,4.409358715678072
274,3,3.4545674557512287,8.883317308148648,4.827875257831664
274,4,7.5385475003753895,-4.0680148321363525,5.389627833268144
275,0,8.624054196576092,7.904344179020597,-1.2611127965525442
275,1,0.6502254938674294,4.5595790917626875,4.998084620545904
275,2,3.320766664164794,10.357375685067879,4.319129037522559
275,3,3.248314432288387,8.703139445270473,4.993850141922383
275,4,7.574337099719565,-3.8291684992894055,5.3896446315523745
276,0,9.195516184131106,7.9031450722958825,-1.3127283183692513
276,1,1.0399799714291427,4.3819193516626935,5.002169896210957
276,2,3.0643972920255287,10.453998709085107,4.203186627125658
276,3,3.0801373594571,8.615946680267552,5.107303917763323
276,4,7.65127582756189,-3.714641107151841,5.472891033686653
277,0,9.777078720914304,7.9453011174305646,-1.3356754256597
277,1,1.4282137608320071,4.232039281798892,4.930893712967182
277,2,2.846919766117983,10.53298113801263,4.090896889364541
277,3,2.851872285260293,8.51965312094529,5.157743042784942
277,4,7.697299909012009,-3.514727452659538,5.5648724934389
278,0,10.326367230661843,8.017158023473433,-1.339797549171139
278,1,1.8054434128985384,4.105994403963023,4.82408719180771
278,2,2.601342687458049,10.602977704856258,3.9600674923270587
278,3,2.61527842831289,8.417929431708739,5.211373110408104
278,4,7.666983937587483,-3.2585959690144377,5.687266292147488
279,0,10.86980570462632,8.088692557837899,-1.402417049652337
279,1,2.1707334589688965,4.047009746532348,4.760675176077259
279,2,2.382337022669064,10.638247244119643,3.779674408507683
279,3,2.384924658407242,8.237907137444177,5.246776101210411
279,4,7.695531486711276,-2.8870941332889517,5.796551135750559
280,0,11.429316008171217,8.130367829690755,-1.3877106628648987
280,1,2.5450763691361065,3.954522003429619,4.679001897376339
280,2,2.163687549723292,10.593902719155762,3.623849633167272
280,3,2.18075415485583,8.055307928423794,5.226237568053406
280,4,7.71489407321966,-2.4878733744652735,5.862759567007562
281,0,11.981078598389635,8.228438668449552,-1.3772747814445805
281,1,2.939834420663136,3.8170366269825204,4.613914371479998
281,2,1.944703543260133,10.545030802360158,3.4395004257920747
281,3,1.9523315520362734,7.89073309273419,5.261926297542355
281,4,7.704949564053552,-2.0941367043073633,5.924057795032526
282,0,12.520849764153134,8.32037617700276,-1.371127075569052
282,1,3.2740612134824434,3.7265588030588663,4.4970428531306155
282,2,1.7713282111901112,10.520040436004832,3.2876352368351682
282,3,1.8214851172265527,7.694587721105777,5.368264785471903
282,4,7.718817977256084,-1.6545305270182964,5.948422247710824
283,0,12.95729741044739,8.404482864251243,-1.3802361530951945
283,1,3.601311498802249,3.6225934916390115,4.435360294511206
283,2,1.6353113703905917,10.489096645663848,3.1055746346995745
283,3,1.7343604760732796,7.460960510787691,5.4464655143489376
283,4,7.726966724385378,-1.088305605667066,5.981778355085755
284,0,13.383445468367183,8.483291194932644,-1.4113297041064305
284,1,3.9506542213838203,3.5185458200840745,4.304600256655042
284,2,1.5437949303982201,10.39982413052747,2.9607517104405
284,3,1.6912214576594409,7.136236181148236,5.491798576056819
284,4,7.730017604155699,-0.500965037095244,6.061023362473048
285,0,13.830703692912243,8.53123679182492,-1.4620591890622514
285,1,4.2665581008705304,3.436441033326005,4.10960850490224
285,2,1.4116674842916717,10.30466762784175,2.840081541480575
285,3,1.6246647199333912,6.800911229433687,5.584005577922515
285,4,7.713853109663198,0.04183028634852881,6.203437458684997
286,0,14.213758432565584,8.449078947613136,-1.4518561894954112
286,1,4.560224925604905,3.340456958078093,3.8869265976686367
286,2,1.317426283723992,10.23452709181074,2.677433193700924
286,3,1.5620440656854482,6.433108307474203,5.635092753371507
286,4,7.64225817167321,0.5720939264510778,6.381490958834339
287,0,14.60408197524014,8.390076505441554,-1.3418818751001347
287,1,4.852701302092757,3.2476161190941957,3.651801549092877
287,2,1.211405352972915,10.192382232188452,2.488343795747819
287,3,1.5694558250290862,6.107289517534025,5.714600876015341
287,4,7.461991656044388,1.0738703868306274,6.695273218819768
288,0,14.897264410119845,8.35431327032422,-1.1867092390175558
288,1,5.117482487600092,3.1415733023122008,3.450279651111878
288,2,1.0977085275989198,10.126444465059565,2.3258054964446573
288,3,1.664236097420739,5.724509098662716,5.849567455741308
288,4,7.3591040806885015,1.6476610775727236,7.049092818466956
289,0,15.130223856816835,8.390854489843257,-0.9893520861975144
289,1,5.361830209297426,3.044627277094422,3.2799665423831152
289,2,0.9994758767627744,10.057864502602058,2.1530056896652296
289,3,1.7788668203743474,5.264763238414306,5.943464796207021
289,4,7.256141223633933,2.2469017769587403,7.454922217087844
290,0,15.37021882970183,8.398364805728242,-0.7634127418452967
290,1,5.6351120684061256,2.9519789084944965,3.03023533410179
290,2,0.9090385989752985,9.986720828481781,1.9958901487467051
290,3,1.8522142281121354,4.863800871938871,6.0653018627948425
290,4,7.188514284802908,2.7198251889088567,7.846970838492457
291,0,15.544278968117329,8.352803499769353,-0.5324365501746465
291,1,5.870120563756093,2.813025610892463,2.77228307668255
291,2,0.8488199961367165,9.833943806310147,1.840942661347124
291,3,1.8692238895103535,4.472127871359185,6.2227706317701506
291,4,7.064488383195896,3.2303861263847473,8.123605978716249
292,0,15.66276053312928,8.200901734507793,-0.2520341862783183
292,1,6.109503763685413,2.685943740924366,2.473828289223733
292,2,0.7059155342312036,9.726806243696254,1.6127152584445603
292,3,1.8950770993582662,4.075113649245105,6.308269116111883
292,4,6.903498913122766,3.719182328767599,8.35421102996964
293,0,15.643818966873624,8.137880419389145,0.04453562635786812
293,1,6.333933284909978,2.5747428926007863,2.0831646265642805
293,2,0.5444001690912909,9.69998205462243,1.4750731690561187
293,3,1.872813798419217,3.7072225153013725,6.417869750634422
293,4,6.730472910788378,4.19264355937743,8.628336848860402
294,0,15.614313792421111,8.172209682247823,0.37802139724758965
294,1,6.537201605606931,2.5155513635543922,1.7029652256729058
294,2,0.32857856075898717,9.663064485602957,1.3041783975771943
294,3,1.837461351428165,3.35158494772145,6.49565920979182
294,4,6.500073285763855,4.720499545107896,8.89741606638611
295,0,15.475819743019164,8.129866906692886,0.6701896659598532
295,1,6.651713655748037,2.3637925795809394,1.2583449571757226
295,2,0.049812324893590054,9.677661782678825,1.1053804812329762
295,3,1.8647441894524914,2.929008022173972,6.6159810942341375
295,4,6.244179475897028,5.2324348682246375,9.20134829924574
296,0,15.281046790718236,8.058362802148643,0.8631324957301691
296,1,6.7555039491181805,2.209288963784145,0.829044781118417
296,2,-0.25304372202167547,9.72921114926326,0.8650240256549986
296,3,1.8675586635837058,2.5154737298837535,6.64992756705135
296,4,5.956666829307832,5.69953287038257,9.459727223666302
297,0,15.010186749692819,7.945659692226558,1.0197763395199502
297,1,6.825783249782925,2.0608056707401174,0.45355601038948945
297,2,-0.5810915340554896,9.76950277051908,0.6647806966403198
297,3,1.8911935978259957,2.008321297426753,6.759970139315238
297,4,5.717397483023119,6.180718081213969,9.64204933985007
298,0,14.67244346237705,7.826035668279353,1.1604970496553006
298,1,6.87031593173467,1.9094189121893264,0.10413103127777329
298,2,-0.8673504790853063,9.803463326619394,0.4422974034503443
298,3,1.9247161622571414,1.4794547028556004,6.971289507881754
298,4,5.488478220427233,6.650913047031156,9.78995670409149
299,0,14.366295077692612,7.750870125076063,1.3498452130422725
299,1,6.879335344146939,1.7356294217478876,-0.13417020760805942
299,2,-1.2820524085984757,9.805150358681576,0.34199254393466366
299,3,1.9236372423044081,0.9021353095035253,7.146834524260232
299,4,5.22884029381238,7.122928703675505,9.931010051969212
